新世界逸彩庭园凯粤湾,40027,113.221247,23.120793,https://gz.lianjia.com/xiaoqu/2110343238598676/,近地铁5号线滘口站,1,荔湾
新世界逸彩庭园A区,36058,113.213396,23.118078,https://gz.lianjia.com/xiaoqu/2110343238337004/,近地铁5号线滘口站,1,荔湾
合兴苑合兴苑,25987,113.236936,23.098021,https://gz.lianjia.com/xiaoqu/2110343238861342/,近地铁1号线芳村站,1,荔湾
荔港南湾A区,36749,113.235688,23.142016,https://gz.lianjia.com/xiaoqu/2110343238336996/,近地铁1号线长寿路站,1,荔湾
金道花园金达街,26829,113.240655,23.07806,https://gz.lianjia.com/xiaoqu/2110343238860950/,近地铁1号线坑口站,1,荔湾
富力广场D区,50698,113.243403,23.130695,https://gz.lianjia.com/xiaoqu/2110343238336922/,近地铁5号线中山八站,1,荔湾
红棉苑南区,27488,113.238113,23.095341,https://gz.lianjia.com/xiaoqu/2110343238861231/,近地铁1号线芳村站,1,荔湾
新世界逸彩庭园G区,36357,113.211779,23.116566,https://gz.lianjia.com/xiaoqu/2110343238337456/,近地铁5号线滘口站,1,荔湾
荔港南湾蓝钻水岸,42688,113.235087,23.141966,https://gz.lianjia.com/xiaoqu/2110343238861010/,近地铁1号线长寿路站,1,荔湾
富力广场A区,28529,113.245456,23.129702,https://gz.lianjia.com/xiaoqu/2110343238337005/,近地铁5号线中山八站,1,荔湾
鸿图苑鸿图大街,21731,113.231753,23.091238,https://gz.lianjia.com/xiaoqu/2110343238861241/,近地铁1号线花地湾站,1,荔湾
富力广场T区,47797,113.246605,23.130379,https://gz.lianjia.com/xiaoqu/2110343238337382/,近地铁5号线中山八站,1,荔湾
荔港南湾D区,39958,113.235559,23.141106,https://gz.lianjia.com/xiaoqu/2110343238861012/,近地铁1号线长寿路站,1,荔湾
荔港南湾B区,35301,113.236507,23.141222,https://gz.lianjia.com/xiaoqu/2110343238336959/,近地铁1号线长寿路站,1,荔湾
恒利翠竹苑一期,33254,113.244767,23.089832,https://gz.lianjia.com/xiaoqu/2110343238861230/,近地铁1号线花地湾站,1,荔湾
新世界逸彩庭园朗逸庭,45580,113.214573,23.117298,https://gz.lianjia.com/xiaoqu/2110343238861226/,近地铁5号线滘口站,1,荔湾
东鹏花园二期,24489,113.235846,23.087531,https://gz.lianjia.com/xiaoqu/2110343238861082/,近地铁1号线坑口站,1,荔湾
花语水岸,41780,113.221121,23.132039,https://gz.lianjia.com/xiaoqu/219979495199704/,,1,荔湾
荔港南湾蓝湾翠堤,41455,113.235257,23.140483,https://gz.lianjia.com/xiaoqu/2110343238861009/,近地铁1号线长寿路站,1,荔湾
红棉苑北区,28862,113.239173,23.097959,https://gz.lianjia.com/xiaoqu/2110343238336876/,近地铁1号线芳村站,1,荔湾
芳园居教师新村,19787,113.229325,23.077124,https://gz.lianjia.com/xiaoqu/2110343238861591/,,1,荔湾
荔港南湾H区,38820,113.235805,23.138431,https://gz.lianjia.com/xiaoqu/2110343238336899/,近地铁5号线中山八站,1,荔湾
新世界逸彩庭园F区,38243,113.212434,23.116167,https://gz.lianjia.com/xiaoqu/2110343238599208/,近地铁5号线滘口站,1,荔湾
荔港南湾C区,37954,113.236309,23.14062,https://gz.lianjia.com/xiaoqu/2110343238336943/,近地铁1号线长寿路站,1,荔湾
珠岛花园一期,24137,113.229458,23.136179,https://gz.lianjia.com/xiaoqu/2110343238598700/,,1,荔湾
东鹏花园三期,20264,113.236021,23.088665,https://gz.lianjia.com/xiaoqu/2110343238861083/,近地铁1号线坑口站,1,荔湾
珠岛花园三期,27512,113.231197,23.13661,https://gz.lianjia.com/xiaoqu/2110343238337294/,近地铁6号线坦尾站,1,荔湾
合兴苑悦成路,21478,113.23817,23.09724,https://gz.lianjia.com/xiaoqu/2110343238337455/,近地铁1号线花地湾站,1,荔湾
周门小区周门街,26863,113.246204,23.135991,https://gz.lianjia.com/xiaoqu/2110343238337359/,近地铁1号线陈家祠站,1,荔湾
荔港南湾御蓝海岸,38927,113.234876,23.141098,https://gz.lianjia.com/xiaoqu/2110343238861011/,近地铁1号线长寿路站,1,荔湾
丰年华庭芳邻美地,34491,113.235278,23.101757,https://gz.lianjia.com/xiaoqu/2110343238599610/,近地铁1号线芳村站,1,荔湾
东鹏花园一期,20870,113.233793,23.087631,https://gz.lianjia.com/xiaoqu/2110343238599069/,近地铁1号线坑口站,1,荔湾
富力广场S区,50944,113.244849,23.128801,https://gz.lianjia.com/xiaoqu/2110343238599571/,近地铁1号线长寿路站,1,荔湾
富力广场B区,45463,113.24445,23.130276,https://gz.lianjia.com/xiaoqu/2110343238336970/,近地铁5号线中山八站,1,荔湾
金道花园金光大街,25217,113.240535,23.077463,https://gz.lianjia.com/xiaoqu/2110343238860941/,近地铁1号线西朗站,1,荔湾
恒利翠竹苑二期,30676,113.244775,23.08851,https://gz.lianjia.com/xiaoqu/2110343238861229/,近地铁1号线花地湾站,1,荔湾
芬芳小区芬芳街,21361,113.231401,23.091295,https://gz.lianjia.com/xiaoqu/2110343238861585/,,1,荔湾
广船鹤园小区鹤园东,13118,113.247151,23.080988,https://gz.lianjia.com/xiaoqu/2110343238861271/,近地铁广佛线鹤洞站,1,荔湾
新世界逸彩庭园D区,36421,113.213059,23.116354,https://gz.lianjia.com/xiaoqu/2110343238336923/,近地铁5号线滘口站,1,荔湾
新世界逸彩庭园E区,42623,113.213797,23.115935,https://gz.lianjia.com/xiaoqu/2110343238336906/,近地铁5号线滘口站,1,荔湾
芳村大道东,25266,113.251843,23.093361,https://gz.lianjia.com/xiaoqu/219687137791430/,近地铁广佛线沙涌站,1,荔湾
金兰苑剑兰街,22020,113.228629,23.088609,https://gz.lianjia.com/xiaoqu/2110343238860975/,,1,荔湾
鸿图苑鸿图东街,21041,113.233792,23.090884,https://gz.lianjia.com/xiaoqu/2110343238861240/,近地铁1号线花地湾站,1,荔湾
金花小区芦荻街,26604,113.25745,23.133901,https://gz.lianjia.com/xiaoqu/2110343238599558/,近地铁2号线广州火车站站,1,荔湾
中山八路,27668,113.239487,23.131212,https://gz.lianjia.com/xiaoqu/219164660420886/,近地铁5号线中山八站,1,荔湾
鹤洞路,16993,113.247491,23.078887,https://gz.lianjia.com/xiaoqu/219687409111346/,近地铁1号线西朗站,1,荔湾
珠岛花园四期,27063,113.231452,23.137873,https://gz.lianjia.com/xiaoqu/2110343238337267/,,1,荔湾
金宇花园环翠北路,17620,113.259281,23.068373,https://gz.lianjia.com/xiaoqu/2110343238861096/,,1,荔湾
新世界凯粤湾,40000,113.219248,23.119555,https://gz.lianjia.com/xiaoqu/219999019159847/,近地铁5号线滘口站,1,荔湾
环翠园埗头新一巷,16455,113.240704,23.137452,https://gz.lianjia.com/xiaoqu/2110343239122983/,近地铁5号线中山八站,1,荔湾
瑞安花园龙腾苑,27338,113.210719,23.118194,https://gz.lianjia.com/xiaoqu/2110343238599262/,近地铁5号线滘口站,1,荔湾
金道花园金通街,24933,113.242454,23.078328,https://gz.lianjia.com/xiaoqu/2110343238860913/,近地铁1号线西朗站,1,荔湾
丰年华庭荔丰花园,26161,113.234438,23.101907,https://gz.lianjia.com/xiaoqu/2110343238599611/,,1,荔湾
桥东小区万盛街,23835,113.220846,23.115156,https://gz.lianjia.com/xiaoqu/2110343238598950/,近地铁5号线滘口站,1,荔湾
周门小区周门西街,29605,113.243697,23.13391,https://gz.lianjia.com/xiaoqu/2110343238337356/,近地铁5号线中山八站,1,荔湾
桥东小区添祥街,19392,113.220345,23.11411,https://gz.lianjia.com/xiaoqu/2110343238598807/,近地铁5号线滘口站,1,荔湾
怡芳苑雍怡雅轩,26118,113.237601,23.101813,https://gz.lianjia.com/xiaoqu/2110343238337509/,近地铁1号线芳村站,1,荔湾
荔湖明苑亲晴天,39334,113.235581,23.128021,https://gz.lianjia.com/xiaoqu/2110343238599381/,近地铁5号线中山八站,1,荔湾
邦华星际广场一期,25822,113.219257,23.081667,https://gz.lianjia.com/xiaoqu/219975592398811/,近地铁广佛线菊树站,1,荔湾
桥东小区芳村大道西路,16482,113.221715,23.114759,https://gz.lianjia.com/xiaoqu/2110343238861593/,近地铁5号线滘口站,1,荔湾
南岸路,19478,113.236801,23.136189,https://gz.lianjia.com/xiaoqu/219687838503321/,近地铁1号线长寿路站,1,荔湾
金兰苑浣花西路,17842,113.230066,23.089266,https://gz.lianjia.com/xiaoqu/2110343238861084/,,1,荔湾
龙津东路欧家园,25960,113.256258,23.129151,https://gz.lianjia.com/xiaoqu/2110343239123250/,近地铁1号线陈家祠站,1,荔湾
元邦明月水岸,23066,113.234376,23.065392,https://gz.lianjia.com/xiaoqu/219999841767729/,近地铁1号线西朗站,1,荔湾
怡芳苑怡富阁,26118,113.237295,23.100371,https://gz.lianjia.com/xiaoqu/2110343238599283/,近地铁1号线芳村站,1,荔湾
中山七路,24000,113.256752,23.131602,https://gz.lianjia.com/xiaoqu/219054884999553/,近地铁1号线公园前站,1,荔湾
五芳苑五芳街,26400,113.223495,23.115886,https://gz.lianjia.com/xiaoqu/2110343238598939/,近地铁5号线滘口站,1,荔湾
黄沙后道,23012,113.244028,23.117211,https://gz.lianjia.com/xiaoqu/219687605719703/,近地铁1号线黄沙站,1,荔湾
周门小区石路基,26526,113.243288,23.133299,https://gz.lianjia.com/xiaoqu/2110343238599189/,近地铁5号线中山八站,1,荔湾
广雅路,23690,113.24883,23.147471,https://gz.lianjia.com/xiaoqu/2110050448928217/,近地铁5号线西村站,1,荔湾
周门小区党恩新街,26542,113.243176,23.131866,https://gz.lianjia.com/xiaoqu/2110343238861745/,近地铁5号线中山八站,1,荔湾
珠岛花园荔月巷,33508,113.229741,23.134791,https://gz.lianjia.com/xiaoqu/2110343238599598/,近地铁6号线坦尾站,1,荔湾
周门小区中兴苑,26487,113.245448,23.136622,https://gz.lianjia.com/xiaoqu/2110343238337360/,近地铁5号线中山八站,1,荔湾
珠岛花园二期,26852,113.229629,23.135849,https://gz.lianjia.com/xiaoqu/2110343238337160/,近地铁6号线坦尾站,1,荔湾
中山七路周园街,24110,113.256856,23.130983,https://gz.lianjia.com/xiaoqu/2110343239123083/,近地铁1号线陈家祠站,1,荔湾
金花小区太保直街,33752,113.255423,23.1367,https://gz.lianjia.com/xiaoqu/2110343239123180/,近地铁1号线陈家祠站,1,荔湾
福盛花苑福怡居,14204,113.252797,23.080236,https://gz.lianjia.com/xiaoqu/2110343238861276/,近地铁广佛线鹤洞站,1,荔湾
隆庆小区隆庆北街,35094,113.255335,23.132643,https://gz.lianjia.com/xiaoqu/2110343238599559/,近地铁1号线陈家祠站,1,荔湾
富邦大厦富邦名寓,40868,113.259294,23.130742,https://gz.lianjia.com/xiaoqu/2110343238337369/,近地铁1号线西门口站,1,荔湾
金兰苑金兰街,17340,113.229698,23.089281,https://gz.lianjia.com/xiaoqu/2110343238336776/,,1,荔湾
金花小区和安街,37728,113.25767,23.135433,https://gz.lianjia.com/xiaoqu/2110343238336783/,近地铁1号线陈家祠站,1,荔湾
南岸路塘前新街,23759,113.238521,23.133916,https://gz.lianjia.com/xiaoqu/2110343239123173/,近地铁5号线中山八站,1,荔湾
西湾路大岗元,29575,113.249315,23.149813,https://gz.lianjia.com/xiaoqu/2110343239123398/,近地铁5号线西村站,1,荔湾
荔新大厦,43477,113.248479,23.148999,https://gz.lianjia.com/xiaoqu/219167507567438/,近地铁5号线西村站,1,荔湾
西增路,32324,113.244886,23.150578,https://gz.lianjia.com/xiaoqu/219183702037463/,近地铁5号线西村站,1,荔湾
周门小区周门南路,32483,113.245193,23.135949,https://gz.lianjia.com/xiaoqu/2110343238337357/,近地铁5号线中山八站,1,荔湾
金兰苑剑兰大厦,15683,113.229505,23.089041,https://gz.lianjia.com/xiaoqu/2110343238861085/,,1,荔湾
福盛花苑福康居,25096,113.252352,23.080124,https://gz.lianjia.com/xiaoqu/2110343238861275/,近地铁广佛线鹤洞站,1,荔湾
中海花湾壹号,31746,113.243449,23.073946,https://gz.lianjia.com/xiaoqu/2110003020262574/,近地铁1号线西朗站,1,荔湾
广船鹤园小区鹤园中,19813,113.246823,23.07874,https://gz.lianjia.com/xiaoqu/2110343238861269/,近地铁广佛线鹤洞站,1,荔湾
桃源小区西华路,22794,113.259423,23.135061,https://gz.lianjia.com/xiaoqu/2110343238598922/,近地铁1号线西门口站,1,荔湾
花蕾路中市外约新街,15896,113.244075,23.101133,https://gz.lianjia.com/xiaoqu/2111883979485085/,近地铁1号线芳村站,1,荔湾
汾水花园,24279,113.231074,23.092485,https://gz.lianjia.com/xiaoqu/219977455717975/,,1,荔湾
怡芳苑碧榆楼,26118,113.238867,23.101421,https://gz.lianjia.com/xiaoqu/2110343238337508/,近地铁1号线芳村站,1,荔湾
和平西路,24960,113.249611,23.117336,https://gz.lianjia.com/xiaoqu/219635231444282/,近地铁1号线长寿路站,1,荔湾
荔湾路,26699,113.250446,23.134348,https://gz.lianjia.com/xiaoqu/2110022709375472/,近地铁1号线陈家祠站,1,荔湾
王圣堂莲塘街,13612,113.255619,23.155975,https://gz.lianjia.com/xiaoqu/2111855060545103/,近地铁2号线广州火车站站,1,荔湾
和平新村和平中三街,16073,113.244794,23.144381,https://gz.lianjia.com/xiaoqu/2110343238861302/,近地铁2号线广州火车站站,1,荔湾
桃源小区桃源街,22794,113.258983,23.133777,https://gz.lianjia.com/xiaoqu/2110343238599033/,近地铁1号线西门口站,1,荔湾
富力广场北区,43870,113.245743,23.132826,https://gz.lianjia.com/xiaoqu/2110343238337383/,近地铁5号线中山八站,1,荔湾
龙津世家,51528,113.250177,23.130406,https://gz.lianjia.com/xiaoqu/219997694020670/,近地铁1号线陈家祠站,1,荔湾
黄沙大道,33614,113.238705,23.121158,https://gz.lianjia.com/xiaoqu/219054830996774/,近地铁6号线如意坊站,1,荔湾
恒利翠竹苑三期,21373,113.24465,23.089711,https://gz.lianjia.com/xiaoqu/2110343238861790/,近地铁1号线花地湾站,1,荔湾
金花小区金花直街,40952,113.256964,23.134984,https://gz.lianjia.com/xiaoqu/2110343238860930/,近地铁1号线陈家祠站,1,荔湾
怡芳苑怡和阁,26118,113.237223,23.100208,https://gz.lianjia.com/xiaoqu/2110343238599284/,近地铁1号线芳村站,1,荔湾
西华路冼家庄,26958,113.248255,23.139358,https://gz.lianjia.com/xiaoqu/2110343239123147/,近地铁5号线西场站,1,荔湾
芳村大道东大冲口,18450,113.252454,23.090814,https://gz.lianjia.com/xiaoqu/2111112788274785/,近地铁广佛线沙涌站,1,荔湾
荔湾路小梅大街,25332,113.252939,23.137431,https://gz.lianjia.com/xiaoqu/2111244583791889/,近地铁1号线陈家祠站,1,荔湾
中山七路锦龙北街,26310,113.255567,23.131108,https://gz.lianjia.com/xiaoqu/2110608912903271/,近地铁1号线陈家祠站,1,荔湾
西华苑二期,40309,113.24963,23.13943,https://gz.lianjia.com/xiaoqu/2110343238336807/,近地铁5号线西场站,1,荔湾
桥中花园海鸿阁,9592,113.23014,23.142493,https://gz.lianjia.com/xiaoqu/2110343238599247/,近地铁6号线河沙站,1,荔湾
龙津苑小区五桂南,28285,113.259379,23.128745,https://gz.lianjia.com/xiaoqu/2110343238598938/,近地铁2号线广州火车站站,1,荔湾
花地大道中招村新街,18513,113.239608,23.077408,https://gz.lianjia.com/xiaoqu/219982317964381/,近地铁1号线西朗站,1,荔湾
接龙里小区芳村大道东,19664,113.248097,23.099241,https://gz.lianjia.com/xiaoqu/2110343238861594/,近地铁1号线芳村站,1,荔湾
世纪广场世和街,34375,113.252415,23.129916,https://gz.lianjia.com/xiaoqu/2110343238599183/,近地铁1号线陈家祠站,1,荔湾
福盛花苑福逸居,15042,113.252213,23.081125,https://gz.lianjia.com/xiaoqu/2110343238861273/,近地铁广佛线鹤洞站,1,荔湾
荣芳阁荣芳街,16665,113.241812,23.07536,https://gz.lianjia.com/xiaoqu/2110343238336715/,近地铁1号线西朗站,1,荔湾
西湾路,23832,113.248964,23.150079,https://gz.lianjia.com/xiaoqu/219093497761045/,近地铁5号线西村站,1,荔湾
如意坊路鱼栏大街,23954,113.236356,23.12496,https://gz.lianjia.com/xiaoqu/2111313486245903/,近地铁6号线如意坊站,1,荔湾
金宇花园紫翠街,20136,113.259743,23.067584,https://gz.lianjia.com/xiaoqu/2110343238337323/,,1,荔湾
华贵路,27296,113.248542,23.128578,https://gz.lianjia.com/xiaoqu/219070930308693/,近地铁1号线公园前站,1,荔湾
南京大院,45741,113.244953,23.151167,https://gz.lianjia.com/xiaoqu/2111793924632118/,近地铁5号线西村站,1,荔湾
君荟名轩,55603,113.249368,23.149215,https://gz.lianjia.com/xiaoqu/219985127624224/,近地铁5号线西村站,1,荔湾
流花路39号大院,21884,113.254659,23.14448,https://gz.lianjia.com/xiaoqu/2111317723542367/,,1,荔湾
桥中花园海运阁,9592,113.230113,23.14253,https://gz.lianjia.com/xiaoqu/2110343238599248/,近地铁6号线河沙站,1,荔湾
环市西路,23454,113.242909,23.145327,https://gz.lianjia.com/xiaoqu/219167259577752/,近地铁2号线广州火车站站,1,荔湾
杉木栏路,23718,113.254704,23.116418,https://gz.lianjia.com/xiaoqu/219635038506615/,近地铁6号线文化公园站,1,荔湾
景裕嘉园,25722,113.21902,23.09928,https://gz.lianjia.com/xiaoqu/2111885205794115/,,1,荔湾
龙津西路逢源正街,16867,113.243453,23.12405,https://gz.lianjia.com/xiaoqu/2110343238337073/,近地铁1号线长寿路站,1,荔湾
逢源路,23621,113.245883,23.126069,https://gz.lianjia.com/xiaoqu/219055094451411/,近地铁1号线长寿路站,1,荔湾
鸿图苑浣花西路,20296,113.231752,23.08948,https://gz.lianjia.com/xiaoqu/2110343238861088/,近地铁1号线花地湾站,1,荔湾
华发荔湾荟,37144,113.217398,23.11245,https://gz.lianjia.com/xiaoqu/219982317964749/,近地铁5号线滘口站,1,荔湾
金花小区和平东约,40952,113.255689,23.13609,https://gz.lianjia.com/xiaoqu/2110343238336782/,近地铁1号线陈家祠站,1,荔湾
广园西路王圣堂大街,15804,113.254276,23.156466,https://gz.lianjia.com/xiaoqu/2111793337430337/,近地铁2号线广州火车站站,1,荔湾
龙津西路,27200,113.243089,23.12572,https://gz.lianjia.com/xiaoqu/219071549231457/,近地铁1号线公园前站,1,荔湾
西华路吉祥新街,29007,113.25488,23.136853,https://gz.lianjia.com/xiaoqu/2110343239123312/,近地铁1号线陈家祠站,1,荔湾
长寿东路,18977,113.257651,23.124191,https://gz.lianjia.com/xiaoqu/219069292172251/,近地铁1号线长寿路站,1,荔湾
西华路和安街,23034,113.257723,23.134506,https://gz.lianjia.com/xiaoqu/2111862241981163/,,1,荔湾
金兰苑金兰大厦,25021,113.2303,23.089418,https://gz.lianjia.com/xiaoqu/2110343238861087/,,1,荔湾
周门小区周门北路,26385,113.246405,23.138596,https://gz.lianjia.com/xiaoqu/2110343238337361/,近地铁5号线西场站,1,荔湾
广钢鹤平小区平西一巷,14320,113.244583,23.076998,https://gz.lianjia.com/xiaoqu/2110343238599369/,近地铁广佛线鹤洞站,1,荔湾
桥东小区紫香街,21328,113.220804,23.114211,https://gz.lianjia.com/xiaoqu/2110343238337317/,近地铁5号线滘口站,1,荔湾
西华路太保直街,21852,113.255351,23.136417,https://gz.lianjia.com/xiaoqu/2110343239123179/,近地铁1号线陈家祠站,1,荔湾
西湾东路,27023,113.249638,23.146868,https://gz.lianjia.com/xiaoqu/219499959111874/,近地铁5号线西村站,1,荔湾
周门路,29215,113.250761,23.136072,https://gz.lianjia.com/xiaoqu/2111161919565753/,近地铁5号线西场站,1,荔湾
宝盛园二期,43285,113.246319,23.126214,https://gz.lianjia.com/xiaoqu/2110683013934739/,,1,荔湾
恩宁路,21839,113.245676,23.119825,https://gz.lianjia.com/xiaoqu/219068981792626/,近地铁1号线黄沙站,1,荔湾
金兰苑白兰大厦,29482,113.232447,23.088982,https://gz.lianjia.com/xiaoqu/2110343238861086/,,1,荔湾
逢源路逢源北街,27538,113.245479,23.125147,https://gz.lianjia.com/xiaoqu/2110343238337134/,近地铁1号线长寿路站,1,荔湾
广钢鹤平小区平东二巷,13266,113.244006,23.078403,https://gz.lianjia.com/xiaoqu/2110343238599375/,近地铁广佛线鹤洞站,1,荔湾
沙涌新村一巷,15404,113.251511,23.088534,https://gz.lianjia.com/xiaoqu/2110343238336527/,近地铁广佛线沙涌站,1,荔湾
黄沙大道南站新街,22000,113.24291,23.116646,https://gz.lianjia.com/xiaoqu/2110343239123256/,近地铁1号线黄沙站,1,荔湾
如意坊路,22039,113.23522,23.124336,https://gz.lianjia.com/xiaoqu/219071612669794/,近地铁6号线如意坊站,1,荔湾
耀华社区存善正街,25645,113.250808,23.125918,https://gz.lianjia.com/xiaoqu/2110343238861771/,近地铁1号线长寿路站,1,荔湾
广啤雅苑,26577,113.249723,23.150941,https://gz.lianjia.com/xiaoqu/2115667767576972/,近地铁5号线西村站,1,荔湾
金禧大厦,27989,113.254543,23.135914,https://gz.lianjia.com/xiaoqu/2110271314947360/,近地铁1号线陈家祠站,1,荔湾
福盛花苑福景居,11775,113.252685,23.080469,https://gz.lianjia.com/xiaoqu/2110343238861277/,近地铁广佛线鹤洞站,1,荔湾
南岸路河柳街,17912,113.238158,23.138764,https://gz.lianjia.com/xiaoqu/2110502460943503/,近地铁5号线中山八站,1,荔湾
珠岛花园六期,18850,113.230279,23.138266,https://gz.lianjia.com/xiaoqu/2110003315961519/,,1,荔湾
福州路,20392,113.244998,23.152148,https://gz.lianjia.com/xiaoqu/219160388783578/,近地铁5号线西村站,1,荔湾
丛桂路十二甫西街,21349,113.246449,23.118491,https://gz.lianjia.com/xiaoqu/2110343239123206/,近地铁1号线公园前站,1,荔湾
怡芳苑彤樟楼,26118,113.237605,23.100936,https://gz.lianjia.com/xiaoqu/2110343238598733/,近地铁1号线芳村站,1,荔湾
康王北路,34708,113.253977,23.134785,https://gz.lianjia.com/xiaoqu/219160983065122/,近地铁1号线陈家祠站,1,荔湾
多宝路,32929,113.246781,23.122396,https://gz.lianjia.com/xiaoqu/219167856479643/,近地铁1号线长寿路站,1,荔湾
恩宁路蓬莱正街,24276,113.244648,23.11955,https://gz.lianjia.com/xiaoqu/2110343239123246/,近地铁1号线黄沙站,1,荔湾
金宇花园东沙大道,19238,113.260758,23.067974,https://gz.lianjia.com/xiaoqu/2110343238861641/,,1,荔湾
宏天楼A座,20701,113.229009,23.107814,https://gz.lianjia.com/xiaoqu/2110343238599223/,,1,荔湾
光复南路,24123,113.259286,23.118819,https://gz.lianjia.com/xiaoqu/2111696244273460/,近地铁6号线一德路站,1,荔湾
文昌南路观音直街,25123,113.250572,23.121495,https://gz.lianjia.com/xiaoqu/2110343239123350/,近地铁1号线长寿路站,1,荔湾
隆庆小区隆庆里,26912,113.255538,23.132476,https://gz.lianjia.com/xiaoqu/2110343238336747/,近地铁1号线陈家祠站,1,荔湾
西湾路西湾东二街,27926,113.249503,23.147076,https://gz.lianjia.com/xiaoqu/2110502699496043/,近地铁5号线西村站,1,荔湾
龙津中路,29472,113.252171,23.129463,https://gz.lianjia.com/xiaoqu/219664041856272/,近地铁1号线陈家祠站,1,荔湾
荔湾路荔溪南约新街,30769,113.247433,23.132944,https://gz.lianjia.com/xiaoqu/2110503345156842/,近地铁1号线公园前站,1,荔湾
桥中花园海贵阁,9592,113.22983,23.14263,https://gz.lianjia.com/xiaoqu/2110343238861257/,近地铁6号线河沙站,1,荔湾
环市西路长乐后街,15013,113.253581,23.150669,https://gz.lianjia.com/xiaoqu/2110502226586878/,近地铁5号线西村站,1,荔湾
环翠园,16316,113.242604,23.136987,https://gz.lianjia.com/xiaoqu/2120021307164337/,近地铁5号线中山八站,1,荔湾
环市西路美华后街,16343,113.244257,23.150461,https://gz.lianjia.com/xiaoqu/2110836287697171/,近地铁5号线西村站,1,荔湾
环市西路广雅后街,18903,113.247671,23.146557,https://gz.lianjia.com/xiaoqu/2110767521820785/,近地铁5号线西村站,1,荔湾
黄沙大道涌边横街,19981,113.23845,23.123643,https://gz.lianjia.com/xiaoqu/2110683611100045/,近地铁6号线如意坊站,1,荔湾
富力路,21129,113.241288,23.140297,https://gz.lianjia.com/xiaoqu/2110049062449668/,近地铁5号线西场站,1,荔湾
和平南小区西市新街,22881,113.243231,23.141757,https://gz.lianjia.com/xiaoqu/2110343238598912/,近地铁5号线西场站,1,荔湾
幸福新村福儿路,23834,113.248696,23.134248,https://gz.lianjia.com/xiaoqu/2110343238861559/,近地铁1号线陈家祠站,1,荔湾
怡芳苑瑞桐楼,26118,113.238449,23.10062,https://gz.lianjia.com/xiaoqu/2110343238598731/,近地铁1号线芳村站,1,荔湾
上九路上九东街,24735,113.256173,23.121424,https://gz.lianjia.com/xiaoqu/2110754262577734/,近地铁1号线长寿路站,1,荔湾
广园西路王圣堂后街,13062,113.252334,23.156997,https://gz.lianjia.com/xiaoqu/2120022716905206/,近地铁2号线广州火车站站,1,荔湾
联桂北路,18031,113.239078,23.103409,https://gz.lianjia.com/xiaoqu/2110180323192672/,近地铁1号线芳村站,1,荔湾
茶滘新村15号楼,18134,113.235247,23.097534,https://gz.lianjia.com/xiaoqu/2110343239122966/,,1,荔湾
京穗花卉大厦,18148,113.219311,23.118217,https://gz.lianjia.com/xiaoqu/2110048854568848/,近地铁5号线滘口站,1,荔湾
耀华社区存善西街,23254,113.24932,23.125688,https://gz.lianjia.com/xiaoqu/2110343238861772/,近地铁1号线长寿路站,1,荔湾
怡芳苑怡兴阁,26118,113.238063,23.1004,https://gz.lianjia.com/xiaoqu/2110343238598730/,近地铁1号线芳村站,1,荔湾
广钢鹤平小区平东三巷,15833,113.244109,23.078384,https://gz.lianjia.com/xiaoqu/2110343238599374/,近地铁广佛线鹤洞站,1,荔湾
紫莱苑紫荆阁,16572,113.22171,23.108673,https://gz.lianjia.com/xiaoqu/2110343238599305/,,1,荔湾
金兰苑秋兰街,17340,113.228544,23.088909,https://gz.lianjia.com/xiaoqu/2110343238599291/,,1,荔湾
龙湾路,20021,113.232858,23.107938,https://gz.lianjia.com/xiaoqu/2111161919565231/,近地铁1号线芳村站,1,荔湾
银建小区周门路,22049,113.249324,23.136869,https://gz.lianjia.com/xiaoqu/2110343238337358/,近地铁1号线陈家祠站,1,荔湾
怡芳苑雅桃楼,26118,113.238242,23.100986,https://gz.lianjia.com/xiaoqu/2110343238598729/,近地铁1号线芳村站,1,荔湾
金花小区中道巷,26959,113.256548,23.136522,https://gz.lianjia.com/xiaoqu/2110343238337388/,近地铁1号线陈家祠站,1,荔湾
金桃小区芦荻街,34031,113.255155,23.133896,https://gz.lianjia.com/xiaoqu/2110343238599557/,近地铁2号线纪念堂站,1,荔湾
蓬莱路蓬莱西大街,23334,113.242294,23.119625,https://gz.lianjia.com/xiaoqu/2110343239123247/,近地铁6号线如意坊站,1,荔湾
长乐花苑二期,35772,113.251742,23.148424,https://gz.lianjia.com/xiaoqu/2110343238337405/,近地铁5号线西村站,1,荔湾
沙涌新村三巷,18174,113.251214,23.087839,https://gz.lianjia.com/xiaoqu/2110343238336691/,近地铁广佛线沙涌站,1,荔湾
西华路长福西街,18273,113.258989,23.135316,https://gz.lianjia.com/xiaoqu/2110343239123093/,近地铁1号线西门口站,1,荔湾
西堤二马路,30957,113.258549,23.114723,https://gz.lianjia.com/xiaoqu/219981889096850/,,1,荔湾
环市西路西站二街,11924,113.255245,23.149556,https://gz.lianjia.com/xiaoqu/2113175523390355/,近地铁5号线西村站,1,荔湾
华丽苑B座,13519,113.242563,23.075714,https://gz.lianjia.com/xiaoqu/2110343238861280/,近地铁广佛线鹤洞站,1,荔湾
紫莱苑紫薇阁,13710,113.221733,23.108744,https://gz.lianjia.com/xiaoqu/2110343238599306/,,1,荔湾
远大芳华都汇,13970,113.23518,23.065488,https://gz.lianjia.com/xiaoqu/219999795629736/,近地铁1号线西朗站,1,荔湾
中山八路石路基,17861,113.24338,23.132767,https://gz.lianjia.com/xiaoqu/2116386483063704/,近地铁5号线中山八站,1,荔湾
龙津西路逢源大街,19042,113.242631,23.124814,https://gz.lianjia.com/xiaoqu/2111161817592301/,近地铁1号线长寿路站,1,荔湾
蓬莱路,19797,113.242326,23.118258,https://gz.lianjia.com/xiaoqu/219635127373939/,近地铁1号线黄沙站,1,荔湾
桃李小区明心路,22794,113.244897,23.104594,https://gz.lianjia.com/xiaoqu/2110343238599519/,近地铁1号线芳村站,1,荔湾
怡芳苑嘉桦楼,26118,113.237267,23.100678,https://gz.lianjia.com/xiaoqu/2110343238598732/,近地铁1号线芳村站,1,荔湾
怡芳苑怡盛阁,26118,113.237725,23.100129,https://gz.lianjia.com/xiaoqu/2110343238599285/,近地铁1号线芳村站,1,荔湾
新锦龙大厦,28666,113.255514,23.129777,https://gz.lianjia.com/xiaoqu/2111696923488487/,,1,荔湾
邦华星际广场二期,24923,113.209625,23.080574,https://gz.lianjia.com/xiaoqu/2114012278934142/,,1,荔湾
蓬莱路连庆新横街,22461,113.241966,23.118624,https://gz.lianjia.com/xiaoqu/2110933600006286/,近地铁1号线黄沙站,1,荔湾
六二三路沙面大街,31733,113.250922,23.113127,https://gz.lianjia.com/xiaoqu/2111061733372886/,近地铁1号线黄沙站,1,荔湾
百花路,16054,113.233234,23.098856,https://gz.lianjia.com/xiaoqu/2120021376468654/,,1,荔湾
杨巷路杨仁南街,20194,113.257107,23.119127,https://gz.lianjia.com/xiaoqu/2110343239123122/,近地铁6号线文化公园站,1,荔湾
荔湾路龙源新街,8424,113.250547,23.134377,https://gz.lianjia.com/xiaoqu/2113537038577428/,近地铁1号线陈家祠站,1,荔湾
福盛花苑福雅居,13280,113.252514,23.080921,https://gz.lianjia.com/xiaoqu/2110343238861272/,近地铁广佛线鹤洞站,1,荔湾
鹤洞路鹤松里后街,15043,113.252391,23.087053,https://gz.lianjia.com/xiaoqu/2110518483447161/,近地铁广佛线沙涌站,1,荔湾
沙涌新村二巷,15404,113.251605,23.088284,https://gz.lianjia.com/xiaoqu/2110343238336795/,近地铁广佛线沙涌站,1,荔湾
乌石墩小区九巷,15713,113.244558,23.099549,https://gz.lianjia.com/xiaoqu/2110343238336768/,近地铁1号线芳村站,1,荔湾
广钢鹤平小区平西四巷,16197,113.243793,23.075682,https://gz.lianjia.com/xiaoqu/2110343238599370/,近地铁1号线西朗站,1,荔湾
芳村大道西滘口大街,16246,113.216835,23.121693,https://gz.lianjia.com/xiaoqu/2113217850470569/,近地铁5号线滘口站,1,荔湾
东漖北路,17030,113.235561,23.096067,https://gz.lianjia.com/xiaoqu/2110955326763441/,近地铁1号线花地湾站,1,荔湾
桥东小区育才街,17631,113.222972,23.11283,https://gz.lianjia.com/xiaoqu/2110343238337482/,,1,荔湾
南岸路海松街,17912,113.240718,23.139055,https://gz.lianjia.com/xiaoqu/2110841625210290/,近地铁5号线西场站,1,荔湾
恩宁路昌华南街,18541,113.241989,23.121262,https://gz.lianjia.com/xiaoqu/2110773071932703/,近地铁6号线如意坊站,1,荔湾
东风西路广雅前街,20766,113.247657,23.142303,https://gz.lianjia.com/xiaoqu/2110683419209789/,近地铁5号线西场站,1,荔湾
荔湾路92号大院,22622,113.250815,23.135566,https://gz.lianjia.com/xiaoqu/2110502460944271/,近地铁1号线陈家祠站,1,荔湾
西湾路大岗元北,24836,113.249854,23.153269,https://gz.lianjia.com/xiaoqu/2110343239123397/,近地铁5号线西村站,1,荔湾
宝源路,27831,113.245375,23.124615,https://gz.lianjia.com/xiaoqu/219055934098941/,近地铁1号线长寿路站,1,荔湾
龙津东路六甫水脚,33398,113.25929,23.127049,https://gz.lianjia.com/xiaoqu/2110343239123276/,近地铁1号线西门口站,1,荔湾
龙津东路洞神坊,33398,113.257714,23.12852,https://gz.lianjia.com/xiaoqu/2110503145139605/,近地铁1号线西门口站,1,荔湾
誉品轩,42571,113.253968,23.124183,https://gz.lianjia.com/xiaoqu/219055257244501/,近地铁1号线长寿路站,1,荔湾
广船鹤园小区鹤园西,15976,113.244374,23.079832,https://gz.lianjia.com/xiaoqu/2110343238861270/,近地铁广佛线鹤洞站,1,荔湾
蓬莱路蓬莱东约,31754,113.244607,23.11862,https://gz.lianjia.com/xiaoqu/2110747524166034/,近地铁1号线黄沙站,1,荔湾
福盛花苑福临居,11775,113.25224,23.080755,https://gz.lianjia.com/xiaoqu/2110343238861274/,近地铁广佛线鹤洞站,1,荔湾
华丽苑A座,13519,113.242881,23.075942,https://gz.lianjia.com/xiaoqu/2110343238861281/,近地铁广佛线鹤洞站,1,荔湾
明心路,15059,113.24578,23.104817,https://gz.lianjia.com/xiaoqu/2110110903791899/,近地铁1号线芳村站,1,荔湾
环市西路克山北街,16593,113.253068,23.152902,https://gz.lianjia.com/xiaoqu/2111770027323774/,近地铁2号线广州火车站站,1,荔湾
镇安路31号大院,22080,113.255243,23.115973,https://gz.lianjia.com/xiaoqu/2110978429251732/,近地铁6号线一德路站,1,荔湾
珠玑路,22911,113.250042,23.116439,https://gz.lianjia.com/xiaoqu/219161663066634/,近地铁1号线黄沙站,1,荔湾
桥中花园海富阁,9592,113.229965,23.14268,https://gz.lianjia.com/xiaoqu/2110343238861259/,近地铁6号线河沙站,1,荔湾
茶滘路,12912,113.232867,23.094093,https://gz.lianjia.com/xiaoqu/2110045639372817/,近地铁1号线花地湾站,1,荔湾
东风西路西场大街,13838,113.241504,23.145099,https://gz.lianjia.com/xiaoqu/2110840786612171/,近地铁5号线西场站,1,荔湾
广钢鹤平小区平西二巷,15116,113.244211,23.076767,https://gz.lianjia.com/xiaoqu/2110343238599372/,近地铁1号线西朗站,1,荔湾
沙涌新村五巷,15404,113.25133,23.087175,https://gz.lianjia.com/xiaoqu/2110343238336596/,,1,荔湾
站前横路,17016,113.259362,23.147115,https://gz.lianjia.com/xiaoqu/2113537790667970/,近地铁2号线越秀公园站,1,荔湾
远东御江豪庭,21260,113.232444,23.100317,https://gz.lianjia.com/xiaoqu/2110001917948701/,,1,荔湾
耀华社区耀华北约,23254,113.250193,23.126229,https://gz.lianjia.com/xiaoqu/2110343238598746/,近地铁1号线长寿路站,1,荔湾
宝华路,23662,113.248389,23.121848,https://gz.lianjia.com/xiaoqu/219046429019587/,近地铁1号线长寿路站,1,荔湾
大同路,24117,113.247909,23.116414,https://gz.lianjia.com/xiaoqu/2110046962937047/,近地铁1号线黄沙站,1,荔湾
六二三路沙面四街,26232,113.249868,23.113427,https://gz.lianjia.com/xiaoqu/2114391428001931/,近地铁1号线黄沙站,1,荔湾
中山七路锦绣坊,26310,113.257619,23.13284,https://gz.lianjia.com/xiaoqu/2110503474918022/,,1,荔湾
中山七路土兴巷,26310,113.25055,23.131025,https://gz.lianjia.com/xiaoqu/2120022109643132/,近地铁1号线长寿路站,1,荔湾
金花小区兴宁大街,40952,113.256487,23.133107,https://gz.lianjia.com/xiaoqu/2110343238598797/,近地铁1号线陈家祠站,1,荔湾
宝华路十六甫东街,21909,113.248955,23.119829,https://gz.lianjia.com/xiaoqu/2110343239123443/,近地铁1号线长寿路站,1,荔湾
德星路,23887,113.255427,23.122779,https://gz.lianjia.com/xiaoqu/2110047121273768/,近地铁6号线文化公园站,1,荔湾
浣花路浣南街,15334,113.236105,23.08783,https://gz.lianjia.com/xiaoqu/2110518887673827/,近地铁1号线坑口站,1,荔湾
黄沙大道粤南大街,19775,113.233756,23.128129,https://gz.lianjia.com/xiaoqu/2110343239123100/,近地铁5号线中山八站,1,荔湾
环市西路黑山三街,20358,113.253878,23.150672,https://gz.lianjia.com/xiaoqu/2110836081128161/,近地铁5号线西村站,1,荔湾
十三甫路十三甫新街,22084,113.25122,23.117895,https://gz.lianjia.com/xiaoqu/2113282408934808/,近地铁1号线长寿路站,1,荔湾
十三甫路14号大院,22747,113.25129,23.118018,https://gz.lianjia.com/xiaoqu/2120024206590451/,近地铁1号线黄沙站,1,荔湾
耀华社区存善东横街,23254,113.249245,23.125356,https://gz.lianjia.com/xiaoqu/2110343238861775/,近地铁1号线长寿路站,1,荔湾
耀华社区存善北街,23254,113.249283,23.126269,https://gz.lianjia.com/xiaoqu/2110343238861776/,近地铁1号线长寿路站,1,荔湾
第十甫路十甫新街,25729,113.249885,23.119185,https://gz.lianjia.com/xiaoqu/2111243854770658/,近地铁1号线黄沙站,1,荔湾
文昌南路兴贤坊,25942,113.249872,23.12327,https://gz.lianjia.com/xiaoqu/2116611444011833/,近地铁1号线长寿路站,1,荔湾
六二三路沙基东约,26009,113.254224,23.115333,https://gz.lianjia.com/xiaoqu/2111540048654313/,近地铁1号线黄沙站,1,荔湾
芳村大道中岭海街,11681,113.231681,23.114984,https://gz.lianjia.com/xiaoqu/2110343239123284/,,1,荔湾
环市西路西站一街,12586,113.253312,23.148285,https://gz.lianjia.com/xiaoqu/2111153460964798/,近地铁5号线西村站,1,荔湾
信联路,12774,113.250473,23.097874,https://gz.lianjia.com/xiaoqu/219981524717448/,近地铁1号线芳村站,1,荔湾
陆居路,13476,113.244392,23.105977,https://gz.lianjia.com/xiaoqu/219981396005149/,近地铁1号线芳村站,1,荔湾
广东省土产大厦,14713,113.258208,23.131769,https://gz.lianjia.com/xiaoqu/2120022180949645/,近地铁1号线公园前站,1,荔湾
鹤洞路荣芳街,14869,113.249252,23.079914,https://gz.lianjia.com/xiaoqu/2110343238336716/,近地铁1号线西朗站,1,荔湾
乌石墩小区八巷,15713,113.244541,23.099956,https://gz.lianjia.com/xiaoqu/2110343238336882/,,1,荔湾
流花路中展里,16112,113.253635,23.144492,https://gz.lianjia.com/xiaoqu/2110684223729001/,近地铁5号线西村站,1,荔湾
观鹤小区四巷,16217,113.249199,23.078253,https://gz.lianjia.com/xiaoqu/2110343238336615/,近地铁广佛线鹤洞站,1,荔湾
环市西路黑山二街,17046,113.253673,23.150059,https://gz.lianjia.com/xiaoqu/2114420440003093/,近地铁5号线西村站,1,荔湾
南岸路南岸西街,17778,113.23696,23.135134,https://gz.lianjia.com/xiaoqu/2112716072512733/,近地铁5号线中山八站,1,荔湾
茶滘新村22号楼,18134,113.235143,23.097975,https://gz.lianjia.com/xiaoqu/2110343239122959/,近地铁1号线芳村站,1,荔湾
茶滘新村19号楼,18134,113.234856,23.097846,https://gz.lianjia.com/xiaoqu/2110343239122960/,,1,荔湾
华贵路厚福新街,18293,113.248241,23.12712,https://gz.lianjia.com/xiaoqu/2110343238337188/,近地铁1号线长寿路站,1,荔湾
南岸路南岸大街,18319,113.239864,23.135142,https://gz.lianjia.com/xiaoqu/2110841725874523/,近地铁5号线中山八站,1,荔湾
丛桂路丛桂西街,20000,113.243669,23.118466,https://gz.lianjia.com/xiaoqu/2110433969009502/,近地铁1号线黄沙站,1,荔湾
环市西路7号大院,20737,113.243848,23.146216,https://gz.lianjia.com/xiaoqu/219499959111815/,近地铁5号线西村站,1,荔湾
光复阁光复北路,21867,113.259612,23.130248,https://gz.lianjia.com/xiaoqu/2110343238861483/,近地铁1号线西门口站,1,荔湾
金翠苑,22594,113.240408,23.138249,https://gz.lianjia.com/xiaoqu/219798470610521/,近地铁5号线中山八站,1,荔湾
环市西路长宁街,22881,113.25068,23.148958,https://gz.lianjia.com/xiaoqu/2110343239123090/,近地铁5号线西村站,1,荔湾
宝源路三连新街,22964,113.242124,23.124374,https://gz.lianjia.com/xiaoqu/2110343238337094/,近地铁1号线长寿路站,1,荔湾
怡芳苑芸枫楼,26118,113.237838,23.100653,https://gz.lianjia.com/xiaoqu/2110343238598734/,近地铁1号线芳村站,1,荔湾
十三行路,26127,113.25841,23.116962,https://gz.lianjia.com/xiaoqu/2110273874784927/,近地铁6号线文化公园站,1,荔湾
中山七路崇安里,26310,113.258015,23.131898,https://gz.lianjia.com/xiaoqu/2120022093915403/,近地铁1号线公园前站,1,荔湾
隆庆小区紫贵坊,26912,113.254643,23.133366,https://gz.lianjia.com/xiaoqu/2110343238337321/,近地铁1号线陈家祠站,1,荔湾
上九路,27320,113.257678,23.121732,https://gz.lianjia.com/xiaoqu/2110044830919934/,近地铁6号线一德路站,1,荔湾
保利塞纳维拉保障房,28923,113.210535,23.083554,https://gz.lianjia.com/xiaoqu/2110343239123415/,,1,荔湾
中国铁建荔湾国际城,31664,113.223982,23.083573,https://gz.lianjia.com/xiaoqu/2113333811178548/,,1,荔湾
保利西悦湾,32274,113.229866,23.084377,https://gz.lianjia.com/xiaoqu/219976645956460/,近地铁1号线坑口站,1,荔湾
康王中路,32838,113.253795,23.129433,https://gz.lianjia.com/xiaoqu/2113537790668624/,近地铁1号线长寿路站,1,荔湾
南京路14号大院,47050,113.245533,23.151275,https://gz.lianjia.com/xiaoqu/2110817537322332/,近地铁5号线西村站,1,荔湾
带河路,21239,113.252602,23.129251,https://gz.lianjia.com/xiaoqu/219097418910928/,近地铁1号线陈家祠站,1,荔湾
六二三路沙面北街,31365,113.249458,23.114004,https://gz.lianjia.com/xiaoqu/2111084566900811/,近地铁1号线黄沙站,1,荔湾
王圣堂莲塘前街,12608,113.254174,23.155437,https://gz.lianjia.com/xiaoqu/2111588145786209/,近地铁2号线飞翔公园站,1,荔湾
环市西路冰厂后街,12960,113.251502,23.149145,https://gz.lianjia.com/xiaoqu/2110343239123412/,近地铁5号线西村站,1,荔湾
华丽苑C座,13519,113.242082,23.076295,https://gz.lianjia.com/xiaoqu/2110343238861279/,近地铁1号线西朗站,1,荔湾
第十甫路,14843,113.2513,23.119131,https://gz.lianjia.com/xiaoqu/2111265619800652/,近地铁1号线黄沙站,1,荔湾
金宇花园中组团,15735,113.260938,23.065962,https://gz.lianjia.com/xiaoqu/2110343238337324/,,1,荔湾
观鹤小区三巷,16217,113.249645,23.079105,https://gz.lianjia.com/xiaoqu/2110343238336685/,近地铁广佛线鹤洞站,1,荔湾
鹤洞路鹤建里,17065,113.25016,23.084833,https://gz.lianjia.com/xiaoqu/2120023241366922/,近地铁广佛线沙涌站,1,荔湾
桥中花园海景阁,9592,113.230194,23.14278,https://gz.lianjia.com/xiaoqu/2110343238861258/,近地铁6号线河沙站,1,荔湾
桥中花园海皇阁,9592,113.229835,23.142061,https://gz.lianjia.com/xiaoqu/2110343238861260/,近地铁6号线河沙站,1,荔湾
福盛花苑福悦居,11775,113.253169,23.080789,https://gz.lianjia.com/xiaoqu/2110343238861278/,近地铁广佛线鹤洞站,1,荔湾
余庆园,12831,113.24101,23.10355,https://gz.lianjia.com/xiaoqu/219159659762222/,近地铁1号线芳村站,1,荔湾
陆居路长堤街,13476,113.247572,23.1066,https://gz.lianjia.com/xiaoqu/2110685353045198/,近地铁1号线芳村站,1,荔湾
沙涌新村四巷,15404,113.251322,23.087491,https://gz.lianjia.com/xiaoqu/2110343238336622/,近地铁广佛线沙涌站,1,荔湾
广钢鹤平小区平西三巷,15833,113.244072,23.076094,https://gz.lianjia.com/xiaoqu/2110343238599371/,近地铁1号线西朗站,1,荔湾
花地大道中,15844,113.240826,23.093095,https://gz.lianjia.com/xiaoqu/2113219794267973/,近地铁1号线坑口站,1,荔湾
芳村大道中,16526,113.239343,23.105919,https://gz.lianjia.com/xiaoqu/219099549879415/,近地铁1号线芳村站,1,荔湾
花蕾路,16727,113.240879,23.097965,https://gz.lianjia.com/xiaoqu/219212845896042/,近地铁1号线花地湾站,1,荔湾
金兰苑春兰街,17340,113.23109,23.089211,https://gz.lianjia.com/xiaoqu/2110343238861807/,,1,荔湾
和平新村和平西三街,17829,113.242799,23.144522,https://gz.lianjia.com/xiaoqu/2110343238861308/,近地铁5号线西场站,1,荔湾
茶滘新村17号楼,18134,113.235359,23.097705,https://gz.lianjia.com/xiaoqu/2110343239122961/,近地铁1号线芳村站,1,荔湾
茶滘新村18号楼,18134,113.23504,23.097784,https://gz.lianjia.com/xiaoqu/2110343239122965/,,1,荔湾
荔湖居泮塘五约直街,18576,113.24137,23.129614,https://gz.lianjia.com/xiaoqu/2110343238599382/,近地铁5号线中山八站,1,荔湾
丛桂路丛桂新街,20362,113.245034,23.117398,https://gz.lianjia.com/xiaoqu/2110434173219295/,近地铁1号线公园前站,1,荔湾
荔湾路彩虹晒地,20769,113.250132,23.133879,https://gz.lianjia.com/xiaoqu/2111610416755571/,近地铁5号线西场站,1,荔湾
涌边一马路,21333,113.239128,23.122903,https://gz.lianjia.com/xiaoqu/2110025343398827/,近地铁6号线如意坊站,1,荔湾
中山八路石路基新街,21362,113.244706,23.133086,https://gz.lianjia.com/xiaoqu/2110683611100030/,近地铁5号线中山八站,1,荔湾
西华路紫配新街,22070,113.253999,23.137859,https://gz.lianjia.com/xiaoqu/2110343239123077/,近地铁1号线陈家祠站,1,荔湾
和平南小区和平南十二街,22190,113.246133,23.141101,https://gz.lianjia.com/xiaoqu/2110343238861316/,近地铁5号线西场站,1,荔湾
和平南小区和平南六街,22190,113.246039,23.141708,https://gz.lianjia.com/xiaoqu/2110343238861320/,近地铁5号线西场站,1,荔湾
人民中路三围街,22273,113.259021,23.125832,https://gz.lianjia.com/xiaoqu/2115031476193727/,,1,荔湾
华贵路观澜新街,22307,113.248865,23.126742,https://gz.lianjia.com/xiaoqu/2110841081262571/,近地铁1号线长寿路站,1,荔湾
周门南路,22450,113.242465,23.132554,https://gz.lianjia.com/xiaoqu/219981139104442/,近地铁5号线中山八站,1,荔湾
荔湾路95号大院,22622,113.250199,23.134344,https://gz.lianjia.com/xiaoqu/2110025067622178/,,1,荔湾
桃源小区光复北路,22794,113.259661,23.133844,https://gz.lianjia.com/xiaoqu/2110343238861482/,近地铁1号线西门口站,1,荔湾
耀华社区耀华西街,23254,113.249654,23.125357,https://gz.lianjia.com/xiaoqu/2110343238598743/,近地铁1号线长寿路站,1,荔湾
耀华社区西城坊,23254,113.250095,23.125466,https://gz.lianjia.com/xiaoqu/2110343238598928/,近地铁1号线长寿路站,1,荔湾
耀华社区宝仁坊,23254,113.249961,23.124514,https://gz.lianjia.com/xiaoqu/2110343239123038/,近地铁1号线长寿路站,1,荔湾
下九路,23591,113.253419,23.119951,https://gz.lianjia.com/xiaoqu/2115573838498273/,近地铁6号线文化公园站,1,荔湾
逢源路宝盛沙地街,23677,113.247046,23.126767,https://gz.lianjia.com/xiaoqu/2110841765981520/,近地铁1号线长寿路站,1,荔湾
知道园小区知道园,23764,113.241621,23.10452,https://gz.lianjia.com/xiaoqu/2110343238337398/,近地铁1号线芳村站,1,荔湾
中山七路王家园,26310,113.257912,23.130949,https://gz.lianjia.com/xiaoqu/2114374723160579/,近地铁1号线西门口站,1,荔湾
中山七路经纶大街,26310,113.257022,23.130352,https://gz.lianjia.com/xiaoqu/2120022017315605/,,1,荔湾
西湾路西湾西街,26748,113.248407,23.154216,https://gz.lianjia.com/xiaoqu/2110837700129533/,近地铁5号线西村站,1,荔湾
隆庆小区蟠龙上街,26912,113.254684,23.13271,https://gz.lianjia.com/xiaoqu/2110343238599383/,近地铁1号线陈家祠站,1,荔湾
金威大厦,27767,113.249827,23.140185,https://gz.lianjia.com/xiaoqu/2113537586197127/,近地铁5号线西场站,1,荔湾
中山八路新虹街,28181,113.241032,23.131827,https://gz.lianjia.com/xiaoqu/2110747342761448/,近地铁5号线中山八站,1,荔湾
陈岗路2号大院,30431,113.258154,23.147113,https://gz.lianjia.com/xiaoqu/2111243409126058/,近地铁2号线广州火车站站,1,荔湾
龙津东路锦荣直街,33398,113.256178,23.130003,https://gz.lianjia.com/xiaoqu/2110343239123302/,近地铁1号线陈家祠站,1,荔湾
融穗华府,35425,113.246844,23.074544,https://gz.lianjia.com/xiaoqu/219998442181014/,近地铁广佛线鹤洞站,1,荔湾
金花小区蟠虬街,40952,113.256291,23.135749,https://gz.lianjia.com/xiaoqu/2110343238336735/,近地铁1号线陈家祠站,1,荔湾
逢源路逢源南街,24453,113.244779,23.123169,https://gz.lianjia.com/xiaoqu/2120023415495154/,近地铁1号线长寿路站,1,荔湾
穗丰楼,23219,113.251064,23.086305,https://gz.lianjia.com/xiaoqu/2120024723738058/,近地铁广佛线沙涌站,1,荔湾
文昌南路宝华北街,24191,113.25152,23.122857,https://gz.lianjia.com/xiaoqu/2110836955115166/,近地铁1号线长寿路站,1,荔湾
多宝路多宝街,33775,113.243754,23.122479,https://gz.lianjia.com/xiaoqu/2111243409125873/,近地铁1号线长寿路站,1,荔湾
丛桂路,40980,113.244706,23.115275,https://gz.lianjia.com/xiaoqu/219094110129267/,近地铁1号线黄沙站,1,荔湾
洞企石路,11252,113.229471,23.108096,https://gz.lianjia.com/xiaoqu/219099062291931/,,1,荔湾
芳村大道西新基下村,12203,113.220578,23.110672,https://gz.lianjia.com/xiaoqu/2110343239123136/,,1,荔湾
芳村大道东沙洲街,14953,113.252881,23.088516,https://gz.lianjia.com/xiaoqu/2110518483447239/,近地铁广佛线沙涌站,1,荔湾
芳村大道东墩头西街,16526,113.249229,23.090685,https://gz.lianjia.com/xiaoqu/2111160383139520/,近地铁广佛线沙涌站,1,荔湾
丛桂路十二甫新街,17301,113.24693,23.118761,https://gz.lianjia.com/xiaoqu/2110343239123205/,近地铁1号线黄沙站,1,荔湾
十八甫路怀远驿,18400,113.255845,23.118906,https://gz.lianjia.com/xiaoqu/2110821040352424/,近地铁6号线文化公园站,1,荔湾
西华路长福新街,20410,113.25439,23.138764,https://gz.lianjia.com/xiaoqu/2110343239123092/,近地铁1号线陈家祠站,1,荔湾
和平南小区和平南四街,22190,113.245899,23.142165,https://gz.lianjia.com/xiaoqu/2110343238861312/,近地铁5号线西场站,1,荔湾
和平南小区东风西路,22190,113.246663,23.142352,https://gz.lianjia.com/xiaoqu/2110343238861684/,近地铁5号线西场站,1,荔湾
光复中路民安新街,22397,113.258366,23.126863,https://gz.lianjia.com/xiaoqu/2114966419656309/,近地铁6号线一德路站,1,荔湾
龙津西路恩洲北横街,24505,113.246741,23.129995,https://gz.lianjia.com/xiaoqu/2110840967229074/,近地铁1号线陈家祠站,1,荔湾
西增路华业里,26226,113.245472,23.150568,https://gz.lianjia.com/xiaoqu/2120024169866267/,近地铁5号线西村站,1,荔湾
金桃小区紫贵坊,40952,113.255187,23.133547,https://gz.lianjia.com/xiaoqu/2110343238337320/,近地铁1号线陈家祠站,1,荔湾
华苑新村,6818,113.208383,23.120278,https://gz.lianjia.com/xiaoqu/219098108875224/,,1,荔湾
郭村路,14900,113.216145,23.112172,https://gz.lianjia.com/xiaoqu/2110111109575478/,近地铁5号线滘口站,1,荔湾
环市西路黑山北街,15086,113.251219,23.149975,https://gz.lianjia.com/xiaoqu/2111611257450494/,近地铁5号线西村站,1,荔湾
鹤洞新村,15520,113.254096,23.088779,https://gz.lianjia.com/xiaoqu/2113282016767869/,近地铁广佛线沙涌站,1,荔湾
金宇花园紫东街,15735,113.25911,23.06718,https://gz.lianjia.com/xiaoqu/2110343238337322/,,1,荔湾
和平新村和平中十街,16073,113.245705,23.14483,https://gz.lianjia.com/xiaoqu/2110343238861301/,近地铁5号线西场站,1,荔湾
和平新村和平中九街,16073,113.24527,23.144526,https://gz.lianjia.com/xiaoqu/2110343238861303/,近地铁2号线广州火车站站,1,荔湾
和平新村和平北五街,16073,113.245687,23.145491,https://gz.lianjia.com/xiaoqu/2110343238861328/,近地铁5号线西场站,1,荔湾
和平新村和平北四街,16073,113.245657,23.145411,https://gz.lianjia.com/xiaoqu/2110343238861329/,近地铁2号线广州火车站站,1,荔湾
和平新村和平北六街,16073,113.245657,23.145615,https://gz.lianjia.com/xiaoqu/2110343238861331/,近地铁5号线西场站,1,荔湾
观鹤小区一巷,16217,113.249083,23.079213,https://gz.lianjia.com/xiaoqu/2110343238336528/,近地铁广佛线鹤洞站,1,荔湾
观鹤小区二巷,16217,113.248764,23.078867,https://gz.lianjia.com/xiaoqu/2110343238336791/,近地铁广佛线鹤洞站,1,荔湾
观鹤小区鹤洞路,16217,113.249464,23.079862,https://gz.lianjia.com/xiaoqu/2110343238861282/,近地铁广佛线鹤洞站,1,荔湾
环市西路克山四街,16226,113.254826,23.150092,https://gz.lianjia.com/xiaoqu/2120020652817592/,近地铁5号线西村站,1,荔湾
东海北路,16773,113.22853,23.147256,https://gz.lianjia.com/xiaoqu/2111882074746388/,近地铁6号线河沙站,1,荔湾
陆居路二沙地街,17041,113.245555,23.106346,https://gz.lianjia.com/xiaoqu/2110518849663010/,近地铁1号线芳村站,1,荔湾
恩宁路逢庆首约,17347,113.242905,23.120905,https://gz.lianjia.com/xiaoqu/2110745770946662/,近地铁6号线如意坊站,1,荔湾
南岸路仁泽二巷,17547,113.236675,23.136255,https://gz.lianjia.com/xiaoqu/2110818694164870/,近地铁5号线中山八站,1,荔湾
茶滘新村23号楼,18134,113.234946,23.097996,https://gz.lianjia.com/xiaoqu/2110343239122962/,,1,荔湾
茶滘新村21号楼,18134,113.235435,23.097892,https://gz.lianjia.com/xiaoqu/2110343239122963/,近地铁1号线芳村站,1,荔湾
茶滘新村20号楼,18134,113.235597,23.097838,https://gz.lianjia.com/xiaoqu/2110343239122964/,近地铁1号线芳村站,1,荔湾
茶滘新村14号楼,18134,113.235476,23.097435,https://gz.lianjia.com/xiaoqu/2110343239122967/,近地铁1号线芳村站,1,荔湾
十三甫路,19207,113.251336,23.117963,https://gz.lianjia.com/xiaoqu/2110322005209192/,近地铁1号线黄沙站,1,荔湾
华贵路幸福二巷,20175,113.249207,23.128898,https://gz.lianjia.com/xiaoqu/2110683524854282/,近地铁1号线长寿路站,1,荔湾
宏天楼B座,20701,113.229477,23.10754,https://gz.lianjia.com/xiaoqu/2110343238336954/,,1,荔湾
光复南路仁凤里,21833,113.258405,23.120032,https://gz.lianjia.com/xiaoqu/2110683013934844/,近地铁6号线一德路站,1,荔湾
光复北路四甫水脚,21867,113.259915,23.133659,https://gz.lianjia.com/xiaoqu/2110749679251129/,,1,荔湾
黄沙大道留庆新横街,22179,113.239788,23.120921,https://gz.lianjia.com/xiaoqu/2110343239123277/,近地铁6号线如意坊站,1,荔湾
和平南小区和平南十四街,22190,113.245545,23.140952,https://gz.lianjia.com/xiaoqu/2110343238861313/,近地铁1号线公园前站,1,荔湾
西湾东路西湾东一街,23118,113.249129,23.146855,https://gz.lianjia.com/xiaoqu/2112156294672469/,近地铁5号线西村站,1,荔湾
西湾东路西湾东三街,23118,113.249147,23.147287,https://gz.lianjia.com/xiaoqu/2112156335566498/,,1,荔湾
耀华社区后耀华中,23254,113.250005,23.125061,https://gz.lianjia.com/xiaoqu/2110343238861238/,近地铁1号线陈家祠站,1,荔湾
知道园小区瓦土直街,23764,113.241271,23.104678,https://gz.lianjia.com/xiaoqu/2110343238598966/,近地铁1号线芳村站,1,荔湾
雍景豪园,23898,113.202378,23.10011,https://gz.lianjia.com/xiaoqu/2111249775555092/,,1,荔湾
丛桂路宁溪横街,25000,113.245465,23.117668,https://gz.lianjia.com/xiaoqu/2110835870100727/,近地铁1号线黄沙站,1,荔湾
六二三路沙面二街,26182,113.252319,23.113235,https://gz.lianjia.com/xiaoqu/2111265908158905/,,1,荔湾
中山七路宝园直,26310,113.258316,23.132591,https://gz.lianjia.com/xiaoqu/2110685482545491/,近地铁1号线陈家祠站,1,荔湾
中山七路陈家祠道,26310,113.250617,23.132915,https://gz.lianjia.com/xiaoqu/2111766411832321/,近地铁1号线陈家祠站,1,荔湾
中山七路长庚首约,26310,113.260276,23.13173,https://gz.lianjia.com/xiaoqu/2120022067672813/,近地铁1号线公园前站,1,荔湾
中山七路永庆街,26310,113.256825,23.131844,https://gz.lianjia.com/xiaoqu/2120022087596524/,,1,荔湾
中山七路植福里,26310,113.256749,23.132446,https://gz.lianjia.com/xiaoqu/2120022088645970/,,1,荔湾
中山七路华安里,26310,113.257607,23.132313,https://gz.lianjia.com/xiaoqu/2120022106502146/,近地铁1号线公园前站,1,荔湾
荔湾路金雁里,26699,113.254394,23.135217,https://gz.lianjia.com/xiaoqu/2110683976004534/,,1,荔湾
金花小区安隆里,26804,113.257666,23.135059,https://gz.lianjia.com/xiaoqu/2110343239123072/,近地铁1号线陈家祠站,1,荔湾
金花小区居心里,26844,113.256582,23.135441,https://gz.lianjia.com/xiaoqu/2110343238860835/,近地铁1号线陈家祠站,1,荔湾
隆庆小区福利里,26912,113.254962,23.133042,https://gz.lianjia.com/xiaoqu/2110343238861557/,近地铁1号线陈家祠站,1,荔湾
西华路小桥村,27694,113.246743,23.139199,https://gz.lianjia.com/xiaoqu/2120021961634383/,近地铁5号线西场站,1,荔湾
钰日大厦,29716,113.238369,23.140268,https://gz.lianjia.com/xiaoqu/2118225363454842/,近地铁5号线西场站,1,荔湾
陈岗路11号大院,30431,113.256764,23.147158,https://gz.lianjia.com/xiaoqu/2120022892072138/,近地铁2号线广州火车站站,1,荔湾
陈岗路,30431,113.256505,23.148041,https://gz.lianjia.com/xiaoqu/2120023679911222/,近地铁2号线广州火车站站,1,荔湾
金花小区中道三巷,30854,113.255954,23.136597,https://gz.lianjia.com/xiaoqu/2110343238337389/,近地铁1号线陈家祠站,1,荔湾
丰隆大厦,38047,113.256245,23.129397,https://gz.lianjia.com/xiaoqu/2110048640396676/,近地铁1号线陈家祠站,1,荔湾
文昌南路翁源巷,26057,113.249877,23.120363,https://gz.lianjia.com/xiaoqu/2120021656463817/,近地铁1号线长寿路站,1,荔湾
鹤洞路鹤松里,21010,113.253957,23.087794,https://gz.lianjia.com/xiaoqu/2120024124710878/,近地铁广佛线沙涌站,1,荔湾
鹤洞路鹤园东,14048,113.24753,23.073115,https://gz.lianjia.com/xiaoqu/2113219172724389/,近地铁广佛线鹤洞站,1,荔湾
环市西路克山九街,14434,113.256222,23.15179,https://gz.lianjia.com/xiaoqu/2110685353044998/,近地铁2号线广州火车站站,1,荔湾
十八甫路桂棠新街,23015,113.256019,23.118157,https://gz.lianjia.com/xiaoqu/2111856144248790/,近地铁6号线一德路站,1,荔湾
宝华路十五甫正街,31121,113.247516,23.121409,https://gz.lianjia.com/xiaoqu/2114642191283198/,近地铁1号线长寿路站,1,荔湾
人民南路太宁横街,4722,113.259509,23.120243,https://gz.lianjia.com/xiaoqu/2114965578674523/,近地铁6号线一德路站,1,荔湾
培真路,10889,113.248786,23.081517,https://gz.lianjia.com/xiaoqu/2113220001362026/,近地铁广佛线鹤洞站,1,荔湾
红楼路,11989,113.229651,23.129525,https://gz.lianjia.com/xiaoqu/219499471262367/,近地铁6号线坦尾站,1,荔湾
站前路流花新街,12016,113.258327,23.147838,https://gz.lianjia.com/xiaoqu/2113283669848563/,近地铁2号线广州火车站站,1,荔湾
花地大道南,12329,113.240836,23.071617,https://gz.lianjia.com/xiaoqu/2111885568340160/,,1,荔湾
十八甫路福安街,13990,113.253474,23.11867,https://gz.lianjia.com/xiaoqu/2110433714729118/,近地铁6号线文化公园站,1,荔湾
鹤洞路紫竹苑,14048,113.244253,23.08057,https://gz.lianjia.com/xiaoqu/2111113425809687/,,1,荔湾
芳村大道西上冲直街,14255,113.223192,23.113979,https://gz.lianjia.com/xiaoqu/2110841322172360/,近地铁5号线滘口站,1,荔湾
芳村大道西育才街,15200,113.222711,23.112949,https://gz.lianjia.com/xiaoqu/2110518483447352/,,1,荔湾
乌石墩小区七巷,15713,113.243885,23.100111,https://gz.lianjia.com/xiaoqu/2110343238336723/,,1,荔湾
广钢鹤平小区平东一巷,15833,113.245857,23.078199,https://gz.lianjia.com/xiaoqu/2110343238599373/,近地铁广佛线鹤洞站,1,荔湾
浣花路,15936,113.234852,23.088994,https://gz.lianjia.com/xiaoqu/2116659445198953/,近地铁广佛线沙涌站,1,荔湾
和平新村和平中二街,16073,113.245176,23.143891,https://gz.lianjia.com/xiaoqu/2110343238861304/,近地铁2号线广州火车站站,1,荔湾
和平新村和平西十三街,16073,113.244281,23.144991,https://gz.lianjia.com/xiaoqu/2110343238861307/,近地铁5号线西场站,1,荔湾
和平新村和平东一街,16073,113.244951,23.143815,https://gz.lianjia.com/xiaoqu/2110343238861326/,近地铁5号线西场站,1,荔湾
和平新村和平北一街,16073,113.245867,23.145079,https://gz.lianjia.com/xiaoqu/2110343238861327/,近地铁5号线西场站,1,荔湾
和平新村和平北三街,16073,113.245666,23.145295,https://gz.lianjia.com/xiaoqu/2110343238861330/,近地铁5号线西场站,1,荔湾
和平新村和平北二街,16073,113.245675,23.145195,https://gz.lianjia.com/xiaoqu/2110343238861332/,近地铁5号线西场站,1,荔湾
和平新村和平北八街,16073,113.245733,23.145697,https://gz.lianjia.com/xiaoqu/2110343238861333/,近地铁5号线西场站,1,荔湾
观鹤小区五巷,16217,113.24929,23.0779,https://gz.lianjia.com/xiaoqu/2110343238336591/,,1,荔湾
逢源路逢源东街,16407,113.245207,23.12344,https://gz.lianjia.com/xiaoqu/2120021378570237/,近地铁1号线长寿路站,1,荔湾
信义路,16615,113.251585,23.10113,https://gz.lianjia.com/xiaoqu/2113215826455908/,近地铁1号线芳村站,1,荔湾
花地大道北,16724,113.240406,23.097949,https://gz.lianjia.com/xiaoqu/2120020502850336/,近地铁1号线花地湾站,1,荔湾
南岸路南岸铁路边,16915,113.240756,23.134025,https://gz.lianjia.com/xiaoqu/2120021660658177/,近地铁5号线中山八站,1,荔湾
芳信路,17357,113.217965,23.113087,https://gz.lianjia.com/xiaoqu/2120022921450056/,近地铁5号线滘口站,1,荔湾
花地大道北上涌直街,17380,113.243211,23.105798,https://gz.lianjia.com/xiaoqu/2110840619101615/,近地铁1号线芳村站,1,荔湾
芳村大道西新基上村,17493,113.221638,23.111877,https://gz.lianjia.com/xiaoqu/2110343239123137/,近地铁5号线滘口站,1,荔湾
宝源路宝源北街,17676,113.246898,23.125928,https://gz.lianjia.com/xiaoqu/2110343238337275/,近地铁1号线长寿路站,1,荔湾
南岸路南和里,17912,113.239096,23.13616,https://gz.lianjia.com/xiaoqu/2110684010867963/,,1,荔湾
南岸路中用里,17912,113.239269,23.136034,https://gz.lianjia.com/xiaoqu/2120021684801040/,,1,荔湾
南岸路五星里,17912,113.24134,23.142388,https://gz.lianjia.com/xiaoqu/2120021713117507/,近地铁5号线西场站,1,荔湾
杨巷路富顺坊,18136,113.256393,23.119708,https://gz.lianjia.com/xiaoqu/2110683461677161/,近地铁6号线一德路站,1,荔湾
环翠园埗头直街,18302,113.239837,23.13808,https://gz.lianjia.com/xiaoqu/2110343239122982/,近地铁5号线西场站,1,荔湾
环翠园军区干休所,18302,113.239818,23.137585,https://gz.lianjia.com/xiaoqu/2110343239122984/,近地铁5号线西场站,1,荔湾
环翠园埗头新二巷,18302,113.239801,23.137045,https://gz.lianjia.com/xiaoqu/2110343239122985/,近地铁5号线中山八站,1,荔湾
恩宁路福长新街,18518,113.243637,23.120668,https://gz.lianjia.com/xiaoqu/2110841322171885/,近地铁1号线黄沙站,1,荔湾
站前路四约大街,19314,113.254336,23.146773,https://gz.lianjia.com/xiaoqu/2111154630389319/,,1,荔湾
逢源路逢源西三巷,19608,113.24375,23.125878,https://gz.lianjia.com/xiaoqu/2110433028174686/,近地铁1号线长寿路站,1,荔湾
流花华侨新村村外街,20524,113.2552,23.144507,https://gz.lianjia.com/xiaoqu/2110343238861777/,近地铁5号线西村站,1,荔湾
流花华侨新村流花路,20524,113.254926,23.144419,https://gz.lianjia.com/xiaoqu/2110343238599580/,,1,荔湾
流花路,21214,113.253905,23.14389,https://gz.lianjia.com/xiaoqu/2111161748123534/,近地铁5号线西村站,1,荔湾
十八甫南路菜栏东横街,21874,113.252737,23.11631,https://gz.lianjia.com/xiaoqu/2111002827518906/,近地铁1号线黄沙站,1,荔湾
逢源路宝源正街,21933,113.247144,23.125539,https://gz.lianjia.com/xiaoqu/2120021383808261/,近地铁1号线长寿路站,1,荔湾
和平南小区和平南新街,22190,113.246596,23.141163,https://gz.lianjia.com/xiaoqu/2110343238861311/,近地铁5号线西场站,1,荔湾
和平南小区和平南十三街,22190,113.24536,23.141093,https://gz.lianjia.com/xiaoqu/2110343238861314/,近地铁5号线西场站,1,荔湾
和平南小区和平南十街,22190,113.246326,23.141524,https://gz.lianjia.com/xiaoqu/2110343238861315/,近地铁5号线西场站,1,荔湾
和平南小区和平南三街,22190,113.244171,23.14285,https://gz.lianjia.com/xiaoqu/2110343238861318/,近地铁5号线西场站,1,荔湾
和平南小区和平南七街,22190,113.245253,23.141895,https://gz.lianjia.com/xiaoqu/2110343238861319/,近地铁5号线西场站,1,荔湾
和平南小区和平南九街,22190,113.245141,23.141924,https://gz.lianjia.com/xiaoqu/2110343238861321/,近地铁5号线西场站,1,荔湾
和平南小区和平南八街,22190,113.246052,23.141629,https://gz.lianjia.com/xiaoqu/2110343238861322/,近地铁5号线西场站,1,荔湾
桃李小区陆居路,22794,113.244991,23.105434,https://gz.lianjia.com/xiaoqu/2110343238599556/,近地铁1号线芳村站,1,荔湾
耀华社区耀华三约,23254,113.25017,23.126063,https://gz.lianjia.com/xiaoqu/2110343238598744/,近地铁1号线陈家祠站,1,荔湾
耀华社区耀华大街,23254,113.250144,23.124837,https://gz.lianjia.com/xiaoqu/2110343238598745/,近地铁1号线长寿路站,1,荔湾
耀华社区耀华北新巷,23254,113.250013,23.126378,https://gz.lianjia.com/xiaoqu/2110343238598747/,近地铁1号线长寿路站,1,荔湾
耀华社区兴礼里,23254,113.250215,23.124974,https://gz.lianjia.com/xiaoqu/2110343238598806/,近地铁1号线长寿路站,1,荔湾
耀华社区和吉新街,23254,113.249303,23.124468,https://gz.lianjia.com/xiaoqu/2110343238861334/,近地铁1号线长寿路站,1,荔湾
耀华社区桂园,23254,113.249526,23.126457,https://gz.lianjia.com/xiaoqu/2110343238861400/,近地铁1号线长寿路站,1,荔湾
耀华社区福寿二巷,23254,113.250952,23.125598,https://gz.lianjia.com/xiaoqu/2110343238861556/,近地铁1号线长寿路站,1,荔湾
耀华社区存善南街,23254,113.249117,23.125135,https://gz.lianjia.com/xiaoqu/2110343238861773/,近地铁1号线长寿路站,1,荔湾
耀华社区存善东街,23254,113.249196,23.124879,https://gz.lianjia.com/xiaoqu/2110343238861774/,近地铁1号线长寿路站,1,荔湾
耀华社区宝仁南,23254,113.250339,23.124343,https://gz.lianjia.com/xiaoqu/2110343239123037/,近地铁1号线长寿路站,1,荔湾
耀华社区安华里,23254,113.249956,23.125619,https://gz.lianjia.com/xiaoqu/2110343239123073/,近地铁1号线长寿路站,1,荔湾
和平中路,23348,113.255019,23.117535,https://gz.lianjia.com/xiaoqu/2110790046543573/,近地铁6号线文化公园站,1,荔湾
康王南路,23371,113.255177,23.118501,https://gz.lianjia.com/xiaoqu/2120021476089107/,近地铁6号线一德路站,1,荔湾
环市西路黑山九街,23763,113.256106,23.15199,https://gz.lianjia.com/xiaoqu/2114419200847504/,近地铁2号线广州火车站站,1,荔湾
多宝路多宝坊,23812,113.246714,23.122218,https://gz.lianjia.com/xiaoqu/2110745489665483/,近地铁1号线长寿路站,1,荔湾
十八甫西路,24425,113.252265,23.117992,https://gz.lianjia.com/xiaoqu/2110045110104262/,近地铁6号线文化公园站,1,荔湾
十八甫北路曹基直街,24425,113.253523,23.119127,https://gz.lianjia.com/xiaoqu/2110684010868335/,近地铁1号线长寿路站,1,荔湾
龙津西路逢源西二巷,24505,113.244405,23.125836,https://gz.lianjia.com/xiaoqu/2110683146056391/,近地铁1号线长寿路站,1,荔湾
文昌南路宝华直街,25123,113.251313,23.122189,https://gz.lianjia.com/xiaoqu/2110343239123419/,近地铁1号线长寿路站,1,荔湾
文昌南路宝华南一巷,25123,113.249714,23.120643,https://gz.lianjia.com/xiaoqu/2110614451745718/,近地铁1号线长寿路站,1,荔湾
文昌南路宝华南二巷,25123,113.250136,23.120406,https://gz.lianjia.com/xiaoqu/2113447651143577/,近地铁1号线长寿路站,1,荔湾
多宝路昌华新街,25969,113.240677,23.121453,https://gz.lianjia.com/xiaoqu/2114965879353260/,近地铁6号线如意坊站,1,荔湾
六二三路沙面南街,26011,113.248496,23.112306,https://gz.lianjia.com/xiaoqu/2113514730648189/,近地铁1号线花地湾站,1,荔湾
六二三路新兴大街,26049,113.253887,23.114735,https://gz.lianjia.com/xiaoqu/2110503732867799/,近地铁6号线文化公园站,1,荔湾
六二三路,26096,113.251722,23.114631,https://gz.lianjia.com/xiaoqu/2110112049622203/,近地铁1号线黄沙站,1,荔湾
六二三路沙面一街,26174,113.253956,23.112973,https://gz.lianjia.com/xiaoqu/2114390928355518/,近地铁6号线文化公园站,1,荔湾
和平西路荣华西街,26211,113.249481,23.117494,https://gz.lianjia.com/xiaoqu/2111611297296435/,近地铁1号线黄沙站,1,荔湾
中山七路大塘大街,26310,113.25598,23.130497,https://gz.lianjia.com/xiaoqu/2110343239123395/,,1,荔湾
中山七路李家园,26310,113.258451,23.130726,https://gz.lianjia.com/xiaoqu/2120022041459373/,,1,荔湾
中山七路聚福里,26310,113.255909,23.134116,https://gz.lianjia.com/xiaoqu/2120022104407307/,,1,荔湾
中山七路龙源新一巷,26310,113.252122,23.133883,https://gz.lianjia.com/xiaoqu/2120022107553774/,,1,荔湾
隆庆小区龙田三巷,26322,113.254846,23.132905,https://gz.lianjia.com/xiaoqu/2110343238599565/,近地铁1号线陈家祠站,1,荔湾
长寿西路兴华大街,26336,113.252831,23.123344,https://gz.lianjia.com/xiaoqu/2110343239123132/,近地铁1号线长寿路站,1,荔湾
长寿西路鸿昌大街,26336,113.25183,23.123107,https://gz.lianjia.com/xiaoqu/2113536764375834/,近地铁1号线长寿路站,1,荔湾
长寿西路,26336,113.251555,23.123665,https://gz.lianjia.com/xiaoqu/2116006027710347/,近地铁1号线长寿路站,1,荔湾
荔湾路荔溪,26699,113.250446,23.135212,https://gz.lianjia.com/xiaoqu/2120021509638646/,,1,荔湾
华贵路瑞华坊,27296,113.25007,23.127644,https://gz.lianjia.com/xiaoqu/2120022031999597/,近地铁1号线长寿路站,1,荔湾
华贵路观贤坊,27296,113.247887,23.127807,https://gz.lianjia.com/xiaoqu/2120022867941320/,近地铁1号线长寿路站,1,荔湾
龙津苑小区大围正街,28249,113.259724,23.128687,https://gz.lianjia.com/xiaoqu/2110343238336862/,近地铁1号线西门口站,1,荔湾
陈岗路49号大院,30431,113.258101,23.146219,https://gz.lianjia.com/xiaoqu/2114555633168175/,近地铁2号线越秀公园站,1,荔湾
长寿东路长寿大街,31565,113.254318,23.124307,https://gz.lianjia.com/xiaoqu/2110343239123088/,近地铁1号线长寿路站,1,荔湾
长寿东路文兴大街,31565,113.252342,23.123742,https://gz.lianjia.com/xiaoqu/2110343239123162/,近地铁1号线长寿路站,1,荔湾
长寿东路通行巷,31565,113.250509,23.123776,https://gz.lianjia.com/xiaoqu/2110343239123167/,近地铁1号线长寿路站,1,荔湾
长寿东路洪寿街,31565,113.256025,23.123971,https://gz.lianjia.com/xiaoqu/2111154747829411/,,1,荔湾
长寿东路安畴里,31565,113.256867,23.124298,https://gz.lianjia.com/xiaoqu/2113130321112292/,近地铁1号线长寿路站,1,荔湾
龙津东路占巷,33398,113.256672,23.128088,https://gz.lianjia.com/xiaoqu/2110343239123095/,近地铁1号线陈家祠站,1,荔湾
龙津东路十善间,33398,113.256303,23.128138,https://gz.lianjia.com/xiaoqu/2110593820488698/,近地铁1号线陈家祠站,1,荔湾
龙津东路云津里,33398,113.257543,23.126833,https://gz.lianjia.com/xiaoqu/2110818324803782/,近地铁1号线西门口站,1,荔湾
文昌大楼,35587,113.251471,23.121015,https://gz.lianjia.com/xiaoqu/2116684107467378/,近地铁1号线长寿路站,1,荔湾
誉领轩,47059,113.253891,23.126372,https://gz.lianjia.com/xiaoqu/2113537586197181/,近地铁1号线陈家祠站,1,荔湾
瑞安花园,暂无,113.210633,23.118476,https://gz.lianjia.com/xiaoqu/2111103317551/,近地铁5号线滘口站,1,荔湾
恒荔湾畔,暂无,113.238244,23.10719,https://gz.lianjia.com/xiaoqu/2111103318667/,近地铁1号线芳村站,1,荔湾
荔湾广场,暂无,113.254257,23.123384,https://gz.lianjia.com/xiaoqu/2111103316412/,近地铁1号线长寿路站,1,荔湾
四季花园,暂无,113.239208,23.078594,https://gz.lianjia.com/xiaoqu/2111103318105/,近地铁1号线坑口站,1,荔湾
银海花园,暂无,113.210193,23.122928,https://gz.lianjia.com/xiaoqu/2111103831566/,近地铁5号线滘口站,1,荔湾
万科柏悦湾,暂无,113.230376,23.124174,https://gz.lianjia.com/xiaoqu/2111103317902/,近地铁6号线坦尾站,1,荔湾
富力新居,暂无,113.243517,23.139534,https://gz.lianjia.com/xiaoqu/2111103317321/,近地铁5号线西场站,1,荔湾
珠岛花园五期,暂无,113.22948,23.13575,https://gz.lianjia.com/xiaoqu/2111103316508/,近地铁6号线河沙站,1,荔湾
荔尚国际,暂无,113.250311,23.122786,https://gz.lianjia.com/xiaoqu/2111103319114/,近地铁1号线长寿路站,1,荔湾
芳村花园,暂无,113.229754,23.081908,https://gz.lianjia.com/xiaoqu/2111103317038/,近地铁1号线坑口站,1,荔湾
贵贤上品,暂无,113.247689,23.127398,https://gz.lianjia.com/xiaoqu/2111103318413/,近地铁1号线长寿路站,1,荔湾
万科金色荔苑,暂无,113.251996,23.129284,https://gz.lianjia.com/xiaoqu/2111103317506/,近地铁1号线陈家祠站,1,荔湾
康乃馨苑,暂无,113.238728,23.086798,https://gz.lianjia.com/xiaoqu/2111103317631/,近地铁1号线坑口站,1,荔湾
东浚荔景苑,暂无,113.247392,23.132225,https://gz.lianjia.com/xiaoqu/2111103316464/,近地铁5号线西场站,1,荔湾
逸翠湾,暂无,113.245922,23.115846,https://gz.lianjia.com/xiaoqu/2111103318885/,近地铁1号线黄沙站,1,荔湾
新光城市广场,暂无,113.25466,23.129862,https://gz.lianjia.com/xiaoqu/2111103316880/,近地铁5号线西场站,1,荔湾
保利公园九里,暂无,113.217991,23.086147,https://gz.lianjia.com/xiaoqu/2111103318712/,,1,荔湾
世纪广场,暂无,113.25257,23.130223,https://gz.lianjia.com/xiaoqu/2111103316669/,近地铁1号线陈家祠站,1,荔湾
西关大厦,暂无,113.255747,23.118514,https://gz.lianjia.com/xiaoqu/2111103317557/,近地铁6号线文化公园站,1,荔湾
岭南湾畔,暂无,113.244566,23.156633,https://gz.lianjia.com/xiaoqu/2111103318088/,近地铁5号线西场站,1,荔湾
南源花园,暂无,113.240518,23.140218,https://gz.lianjia.com/xiaoqu/2111103316402/,近地铁5号线西场站,1,荔湾
城启晴轩,暂无,113.249852,23.122464,https://gz.lianjia.com/xiaoqu/2111103316981/,近地铁1号线长寿路站,1,荔湾
路劲隽泷湾,暂无,113.218799,23.083671,https://gz.lianjia.com/xiaoqu/2111103319461/,,1,荔湾
金宇花园,暂无,113.258753,23.066582,https://gz.lianjia.com/xiaoqu/2111103317779/,,1,荔湾
富力环市西苑,暂无,113.245162,23.147032,https://gz.lianjia.com/xiaoqu/2111103316572/,近地铁5号线西村站,1,荔湾
新丽苑,暂无,113.194771,23.077419,https://gz.lianjia.com/xiaoqu/2111103317778/,近地铁广佛线龙溪站,1,荔湾
怡康苑,暂无,113.239554,23.074058,https://gz.lianjia.com/xiaoqu/2111103316621/,近地铁1号线西朗站,1,荔湾
骏业阁,暂无,113.25121,23.121744,https://gz.lianjia.com/xiaoqu/2111103317609/,近地铁1号线长寿路站,1,荔湾
龙锦大厦,暂无,113.256901,23.128675,https://gz.lianjia.com/xiaoqu/2111103317405/,近地铁1号线陈家祠站,1,荔湾
乐怡居,暂无,113.236186,23.090715,https://gz.lianjia.com/xiaoqu/2111103316698/,近地铁1号线花地湾站,1,荔湾
恒宝华庭,暂无,113.24781,23.123393,https://gz.lianjia.com/xiaoqu/2111103316635/,近地铁1号线长寿路站,1,荔湾
文昌雅居,暂无,113.250781,23.12688,https://gz.lianjia.com/xiaoqu/2111103318752/,近地铁1号线长寿路站,1,荔湾
西门口广场,暂无,113.259742,23.133441,https://gz.lianjia.com/xiaoqu/2111103317537/,近地铁1号线西门口站,1,荔湾
金鹤苑,暂无,113.231732,23.068479,https://gz.lianjia.com/xiaoqu/2111103318394/,,1,荔湾
中铁荔湾国际城,暂无,113.224027,23.08392,https://gz.lianjia.com/xiaoqu/2111103319161/,,1,荔湾
宝盛园,暂无,113.246437,23.126993,https://gz.lianjia.com/xiaoqu/2111103316450/,近地铁1号线长寿路站,1,荔湾
加怡大厦,暂无,113.248067,23.099944,https://gz.lianjia.com/xiaoqu/2111103317002/,近地铁1号线芳村站,1,荔湾
荔情居,暂无,113.260156,23.134185,https://gz.lianjia.com/xiaoqu/2111103317365/,近地铁5号线西场站,1,荔湾
安富花园,暂无,113.25914,23.128657,https://gz.lianjia.com/xiaoqu/2111103316971/,近地铁1号线西门口站,1,荔湾
嘉茗华庭,暂无,113.232444,23.10866,https://gz.lianjia.com/xiaoqu/2111103318617/,近地铁1号线芳村站,1,荔湾
荔景华庭,暂无,113.252209,23.118664,https://gz.lianjia.com/xiaoqu/2111103318819/,近地铁6号线文化公园站,1,荔湾
盛大蓝庭,暂无,113.238335,23.084398,https://gz.lianjia.com/xiaoqu/2111103318455/,近地铁1号线坑口站,1,荔湾
花地城广场,暂无,113.241167,23.100251,https://gz.lianjia.com/xiaoqu/2111103316867/,近地铁1号线芳村站,1,荔湾
万兴苑,暂无,113.211111,23.121212,https://gz.lianjia.com/xiaoqu/2111103317311/,近地铁5号线滘口站,1,荔湾
保利塞纳维拉,暂无,113.210768,23.083571,https://gz.lianjia.com/xiaoqu/2111103319309/,,1,荔湾
西关尚品,暂无,113.248195,23.12963,https://gz.lianjia.com/xiaoqu/2111103318166/,近地铁1号线陈家祠站,1,荔湾
荔江美筑,暂无,113.221795,23.117458,https://gz.lianjia.com/xiaoqu/2111103318420/,近地铁5号线滘口站,1,荔湾
小康人家,暂无,113.238962,23.086314,https://gz.lianjia.com/xiaoqu/2111103316798/,近地铁1号线坑口站,1,荔湾
西华路,暂无,113.260013,23.13505,https://gz.lianjia.com/xiaoqu/2111103831706/,近地铁1号线西门口站,1,荔湾
名汇商业大厦,暂无,113.253638,23.120926,https://gz.lianjia.com/xiaoqu/2111103317712/,近地铁5号线西场站,1,荔湾
元邦明月星辉,暂无,113.251897,23.126559,https://gz.lianjia.com/xiaoqu/2111103318703/,近地铁1号线长寿路站,1,荔湾
华福大厦,暂无,113.257914,23.130201,https://gz.lianjia.com/xiaoqu/2111103316451/,近地铁1号线西门口站,1,荔湾
芳华阁,暂无,113.249501,23.081062,https://gz.lianjia.com/xiaoqu/2111103317614/,近地铁广佛线鹤洞站,1,荔湾
万盛苑,暂无,113.228971,23.112265,https://gz.lianjia.com/xiaoqu/2111103316864/,,1,荔湾
宏新华庭,暂无,113.258768,23.130223,https://gz.lianjia.com/xiaoqu/2111103318860/,近地铁1号线西门口站,1,荔湾
美荔心筑,暂无,113.256886,23.131349,https://gz.lianjia.com/xiaoqu/2111103318124/,近地铁1号线陈家祠站,1,荔湾
芳村大道西,暂无,113.221458,23.11609,https://gz.lianjia.com/xiaoqu/2111103831651/,近地铁5号线滘口站,1,荔湾
惠城花园,暂无,113.253005,23.128432,https://gz.lianjia.com/xiaoqu/2111103316501/,近地铁1号线陈家祠站,1,荔湾
金花苑,暂无,113.256851,23.133268,https://gz.lianjia.com/xiaoqu/2111103317086/,近地铁1号线陈家祠站,1,荔湾
龙湾贰号,暂无,113.233191,23.108158,https://gz.lianjia.com/xiaoqu/2111103317689/,近地铁1号线芳村站,1,荔湾
花地河湾,暂无,113.234291,23.064292,https://gz.lianjia.com/xiaoqu/2111103318644/,近地铁1号线西朗站,1,荔湾
龙津大厦,暂无,113.25266,23.129003,https://gz.lianjia.com/xiaoqu/2111103316601/,近地铁1号线陈家祠站,1,荔湾
万科金色康苑,暂无,113.253621,23.135998,https://gz.lianjia.com/xiaoqu/2111103318008/,近地铁1号线陈家祠站,1,荔湾
康王阁,暂无,113.254197,23.133583,https://gz.lianjia.com/xiaoqu/2111103316685/,近地铁1号线陈家祠站,1,荔湾
汇鑫阁,暂无,113.255219,23.13035,https://gz.lianjia.com/xiaoqu/2111103831573/,近地铁1号线陈家祠站,1,荔湾
蓬莱花园,暂无,113.22943,23.111926,https://gz.lianjia.com/xiaoqu/2111103316764/,,1,荔湾
金盈居,暂无,113.246808,23.135397,https://gz.lianjia.com/xiaoqu/2111103317811/,近地铁1号线陈家祠站,1,荔湾
龙津华府,暂无,113.248166,23.129732,https://gz.lianjia.com/xiaoqu/2111103319300/,近地铁1号线陈家祠站,1,荔湾
文昌花园,暂无,113.250554,23.123372,https://gz.lianjia.com/xiaoqu/2111103317425/,近地铁1号线长寿路站,1,荔湾
大鹏花园,暂无,113.22141,23.118663,https://gz.lianjia.com/xiaoqu/2111103317173/,近地铁5号线滘口站,1,荔湾
多宝华厦,暂无,113.246147,23.122311,https://gz.lianjia.com/xiaoqu/2111103316401/,近地铁1号线长寿路站,1,荔湾
湖景阁,暂无,113.236394,23.12945,https://gz.lianjia.com/xiaoqu/2111103317933/,近地铁5号线中山八站,1,荔湾
万科金域华府,暂无,113.2546,23.125342,https://gz.lianjia.com/xiaoqu/2111103318022/,近地铁1号线长寿路站,1,荔湾
荔湖明苑,暂无,113.235296,23.127834,https://gz.lianjia.com/xiaoqu/2111103316744/,近地铁5号线中山八站,1,荔湾
心悦阁,暂无,113.244513,23.100647,https://gz.lianjia.com/xiaoqu/2111103319447/,近地铁1号线芳村站,1,荔湾
汇城花园,暂无,113.220708,23.113561,https://gz.lianjia.com/xiaoqu/2111103317073/,,1,荔湾
荔泰居,暂无,113.245888,23.130648,https://gz.lianjia.com/xiaoqu/2111103317427/,近地铁5号线中山八站,1,荔湾
祥兴新村,暂无,113.219954,23.118939,https://gz.lianjia.com/xiaoqu/2111103316477/,近地铁5号线滘口站,1,荔湾
芳华苑,暂无,113.229784,23.110915,https://gz.lianjia.com/xiaoqu/2111103317891/,,1,荔湾
富力君湖华庭,暂无,113.257442,23.145994,https://gz.lianjia.com/xiaoqu/2111103318416/,近地铁5号线西村站,1,荔湾
芳丽苑,暂无,113.253902,23.090686,https://gz.lianjia.com/xiaoqu/2111103317295/,近地铁广佛线沙涌站,1,荔湾
丽和华庭,暂无,113.236169,23.102417,https://gz.lianjia.com/xiaoqu/2111103319164/,近地铁1号线芳村站,1,荔湾
西关海,暂无,113.235284,23.13842,https://gz.lianjia.com/xiaoqu/2111103318302/,近地铁5号线西场站,1,荔湾
光复北路,暂无,113.259888,23.133056,https://gz.lianjia.com/xiaoqu/2111103831695/,近地铁1号线西门口站,1,荔湾
龙津商贸大厦,暂无,113.257909,23.12726,https://gz.lianjia.com/xiaoqu/2111103317868/,近地铁1号线西门口站,1,荔湾
龙湾广场,暂无,113.212776,23.123261,https://gz.lianjia.com/xiaoqu/2111103318776/,近地铁5号线滘口站,1,荔湾
景晖苑,暂无,113.247383,23.084082,https://gz.lianjia.com/xiaoqu/2111103317244/,近地铁广佛线鹤洞站,1,荔湾
逢源轩,暂无,113.246443,23.123998,https://gz.lianjia.com/xiaoqu/2111103318233/,近地铁1号线长寿路站,1,荔湾
富力盛悦居,暂无,113.24526,23.126324,https://gz.lianjia.com/xiaoqu/2111103318670/,近地铁1号线长寿路站,1,荔湾
兰兴苑,暂无,113.237047,23.104276,https://gz.lianjia.com/xiaoqu/2111103317777/,近地铁1号线芳村站,1,荔湾
中信苑,暂无,113.242724,23.133201,https://gz.lianjia.com/xiaoqu/2111103316629/,近地铁5号线中山八站,1,荔湾
华康居,暂无,113.251715,23.137098,https://gz.lianjia.com/xiaoqu/2111103319100/,近地铁1号线陈家祠站,1,荔湾
芳景阁,暂无,113.23748,23.10275,https://gz.lianjia.com/xiaoqu/2111103317799/,近地铁1号线芳村站,1,荔湾
芳雅苑,暂无,113.225405,23.113829,https://gz.lianjia.com/xiaoqu/2111103317862/,,1,荔湾
宝华豪庭,暂无,113.247865,23.1201,https://gz.lianjia.com/xiaoqu/2111103316400/,近地铁1号线长寿路站,1,荔湾
辉洋苑,暂无,113.23447,23.130656,https://gz.lianjia.com/xiaoqu/2111103316585/,近地铁5号线中山八站,1,荔湾
文辰阁,暂无,113.245634,23.086816,https://gz.lianjia.com/xiaoqu/2111103317747/,近地铁广佛线沙涌站,1,荔湾
美荔尚筑,暂无,113.254478,23.131178,https://gz.lianjia.com/xiaoqu/2111103318483/,近地铁1号线陈家祠站,1,荔湾
润盛花苑,暂无,113.226026,23.115995,https://gz.lianjia.com/xiaoqu/2111103317776/,,1,荔湾
万和苑,暂无,113.219933,23.112122,https://gz.lianjia.com/xiaoqu/2111103317550/,,1,荔湾
怡福花园,暂无,113.224209,23.111761,https://gz.lianjia.com/xiaoqu/2111103317797/,,1,荔湾
茶滘路公安小区,暂无,113.231336,23.09368,https://gz.lianjia.com/xiaoqu/2111103318326/,,1,荔湾
黄金广场,暂无,113.245414,23.114456,https://gz.lianjia.com/xiaoqu/2111103316733/,近地铁1号线黄沙站,1,荔湾
港丰大厦,暂无,113.255154,23.137081,https://gz.lianjia.com/xiaoqu/2111103319312/,近地铁1号线陈家祠站,1,荔湾
观湖雅轩,暂无,113.251002,23.140632,https://gz.lianjia.com/xiaoqu/2111103316537/,近地铁5号线西场站,1,荔湾
田间苑,暂无,113.239571,23.139516,https://gz.lianjia.com/xiaoqu/2111103318251/,近地铁5号线西场站,1,荔湾
周门园中园小区,暂无,113.246111,23.134681,https://gz.lianjia.com/xiaoqu/2111103318466/,近地铁5号线中山八站,1,荔湾
园林局宿舍,暂无,113.234734,23.10297,https://gz.lianjia.com/xiaoqu/2111103318192/,,1,荔湾
双喜大厦,暂无,113.248419,23.136109,https://gz.lianjia.com/xiaoqu/2111103318608/,近地铁1号线陈家祠站,1,荔湾
城启十三行广场,暂无,113.257686,23.11681,https://gz.lianjia.com/xiaoqu/2111103317669/,近地铁6号线文化公园站,1,荔湾
金平大厦,暂无,113.257721,23.135733,https://gz.lianjia.com/xiaoqu/2111103317041/,近地铁1号线陈家祠站,1,荔湾
翠荷轩,暂无,113.234285,23.084008,https://gz.lianjia.com/xiaoqu/2111103318500/,近地铁1号线坑口站,1,荔湾
金门大厦,暂无,113.260975,23.134123,https://gz.lianjia.com/xiaoqu/2111103316836/,近地铁1号线西门口站,1,荔湾
银建小区,暂无,113.24954,23.137347,https://gz.lianjia.com/xiaoqu/2111103317922/,近地铁1号线陈家祠站,1,荔湾
府前阁,暂无,113.228973,23.111055,https://gz.lianjia.com/xiaoqu/2111103316895/,,1,荔湾
永安居,暂无,113.247667,23.146969,https://gz.lianjia.com/xiaoqu/2111103317718/,近地铁5号线西村站,1,荔湾
丽馨庭,暂无,113.235006,23.100702,https://gz.lianjia.com/xiaoqu/2111103318025/,,1,荔湾
隆城大厦,暂无,113.248001,23.131163,https://gz.lianjia.com/xiaoqu/2111103317917/,近地铁1号线陈家祠站,1,荔湾
怡芳苑,暂无,113.238328,23.099909,https://gz.lianjia.com/xiaoqu/2111103316854/,近地铁1号线芳村站,1,荔湾
祥泰楼,暂无,113.228397,23.111937,https://gz.lianjia.com/xiaoqu/2111103316996/,,1,荔湾
旭日大厦,暂无,113.257926,23.124911,https://gz.lianjia.com/xiaoqu/2111103317085/,近地铁1号线西门口站,1,荔湾
丰隆轩,暂无,113.256811,23.129469,https://gz.lianjia.com/xiaoqu/2111103317213/,近地铁1号线陈家祠站,1,荔湾
怡馨苑,暂无,113.243653,23.094399,https://gz.lianjia.com/xiaoqu/2111103318767/,近地铁1号线花地湾站,1,荔湾
富力唐宁花园,暂无,113.248568,23.160649,https://gz.lianjia.com/xiaoqu/2111103319351/,近地铁5号线西场站,1,荔湾
龙泉居,暂无,113.232615,23.107227,https://gz.lianjia.com/xiaoqu/2111103317890/,,1,荔湾
广钢33层,暂无,113.25183,23.086413,https://gz.lianjia.com/xiaoqu/2111103831688/,近地铁广佛线沙涌站,1,荔湾
维雅苑,暂无,113.24986,23.135833,https://gz.lianjia.com/xiaoqu/2111103317224/,近地铁5号线西场站,1,荔湾
幸福新村,暂无,113.249015,23.133546,https://gz.lianjia.com/xiaoqu/2111103317203/,近地铁1号线陈家祠站,1,荔湾
西华苑,暂无,113.250102,23.139828,https://gz.lianjia.com/xiaoqu/2111103831555/,近地铁5号线西场站,1,荔湾
粤电花园,暂无,113.238876,23.142535,https://gz.lianjia.com/xiaoqu/2111103317382/,近地铁1号线长寿路站,1,荔湾
市政东苑,暂无,113.243427,23.139201,https://gz.lianjia.com/xiaoqu/2111103319330/,近地铁5号线西场站,1,荔湾
龙津花园,暂无,113.24631,23.128167,https://gz.lianjia.com/xiaoqu/2111103317359/,近地铁1号线长寿路站,1,荔湾
何济公大厦,暂无,113.247274,23.13324,https://gz.lianjia.com/xiaoqu/2111103317973/,近地铁1号线陈家祠站,1,荔湾
兰亭西津,暂无,113.252635,23.138701,https://gz.lianjia.com/xiaoqu/2111103318538/,近地铁1号线陈家祠站,1,荔湾
皇上皇大厦,暂无,113.252699,23.136824,https://gz.lianjia.com/xiaoqu/2111103316364/,近地铁5号线西场站,1,荔湾
金纶大厦,暂无,113.252557,23.137339,https://gz.lianjia.com/xiaoqu/2111103317675/,近地铁1号线陈家祠站,1,荔湾
品湖雅居,暂无,113.256452,23.144982,https://gz.lianjia.com/xiaoqu/2111103317952/,近地铁2号线越秀公园站,1,荔湾
荔康大厦,暂无,113.254552,23.134161,https://gz.lianjia.com/xiaoqu/2111103318380/,近地铁1号线陈家祠站,1,荔湾
东宝花苑,暂无,113.23763,23.087838,https://gz.lianjia.com/xiaoqu/2111103319269/,近地铁1号线坑口站,1,荔湾
翠岛居,暂无,113.22635,23.14145,https://gz.lianjia.com/xiaoqu/2111103316580/,近地铁6号线河沙站,1,荔湾
荔京阁,暂无,113.250515,23.136541,https://gz.lianjia.com/xiaoqu/2111103317538/,近地铁1号线陈家祠站,1,荔湾
丽安大厦,暂无,113.246536,23.136374,https://gz.lianjia.com/xiaoqu/2111103317971/,近地铁5号线西场站,1,荔湾
茂林苑,暂无,113.236037,23.099199,https://gz.lianjia.com/xiaoqu/2111103318609/,近地铁1号线芳村站,1,荔湾
文昌阁,暂无,113.250214,23.123828,https://gz.lianjia.com/xiaoqu/2111103316982/,近地铁5号线西场站,1,荔湾
裕兴苑,暂无,113.252073,23.134283,https://gz.lianjia.com/xiaoqu/2111103317391/,近地铁1号线陈家祠站,1,荔湾
侨康大厦,暂无,113.254935,23.117885,https://gz.lianjia.com/xiaoqu/2111103319145/,近地铁5号线西场站,1,荔湾
如意阁,暂无,113.227647,23.111663,https://gz.lianjia.com/xiaoqu/2111103317438/,,1,荔湾
荔雅阁,暂无,113.2503,23.140531,https://gz.lianjia.com/xiaoqu/2111103317972/,近地铁5号线西场站,1,荔湾
流花君庭,暂无,113.257114,23.144618,https://gz.lianjia.com/xiaoqu/2111103318921/,近地铁2号线越秀公园站,1,荔湾
鹤景楼,暂无,113.252519,23.087412,https://gz.lianjia.com/xiaoqu/2111103316830/,近地铁广佛线沙涌站,1,荔湾
金达阁,暂无,113.227639,23.112387,https://gz.lianjia.com/xiaoqu/2111103317165/,,1,荔湾
彩虹大厦,暂无,113.250562,23.139225,https://gz.lianjia.com/xiaoqu/2111103316972/,近地铁5号线西场站,1,荔湾
桥东大厦,暂无,113.220898,23.116134,https://gz.lianjia.com/xiaoqu/2111103317174/,近地铁5号线滘口站,1,荔湾
怡花阁,暂无,113.249549,23.098768,https://gz.lianjia.com/xiaoqu/2111103317280/,近地铁1号线芳村站,1,荔湾
穗芳阁,暂无,113.219332,23.112736,https://gz.lianjia.com/xiaoqu/2111103317310/,近地铁5号线滘口站,1,荔湾
金奴大厦,暂无,113.251591,23.137779,https://gz.lianjia.com/xiaoqu/2111103317762/,近地铁1号线陈家祠站,1,荔湾
广雅居,暂无,113.250431,23.146541,https://gz.lianjia.com/xiaoqu/2111103317934/,近地铁5号线西村站,1,荔湾
山村路,暂无,113.23646,23.109508,https://gz.lianjia.com/xiaoqu/2111103831781/,近地铁1号线芳村站,1,荔湾
泰兴苑,暂无,113.252028,23.12626,https://gz.lianjia.com/xiaoqu/2111103317655/,近地铁5号线西场站,1,荔湾
翔景苑,暂无,113.254928,23.086744,https://gz.lianjia.com/xiaoqu/2111103316940/,近地铁广佛线沙涌站,1,荔湾
和乐大厦,暂无,113.256417,23.117516,https://gz.lianjia.com/xiaoqu/2111103318481/,近地铁6号线文化公园站,1,荔湾
十八甫北路,暂无,113.252647,23.118645,https://gz.lianjia.com/xiaoqu/2111103831775/,近地铁1号线黄沙站,1,荔湾
牡丹阁,暂无,113.231981,23.094506,https://gz.lianjia.com/xiaoqu/2111103317580/,,1,荔湾
金华楼,暂无,113.256684,23.136385,https://gz.lianjia.com/xiaoqu/2111103318623/,近地铁1号线陈家祠站,1,荔湾
流花广场,暂无,113.254303,23.139463,https://gz.lianjia.com/xiaoqu/2111103317590/,近地铁5号线西场站,1,荔湾
市政宿舍,暂无,113.22599,23.114662,https://gz.lianjia.com/xiaoqu/2111103318137/,,1,荔湾
龙湾小区,暂无,113.233014,23.107268,https://gz.lianjia.com/xiaoqu/2111103318557/,近地铁1号线芳村站,1,荔湾
文昌南路,暂无,113.250922,23.121757,https://gz.lianjia.com/xiaoqu/2111103831708/,近地铁1号线长寿路站,1,荔湾
光扬大厦,暂无,113.25778,23.117241,https://gz.lianjia.com/xiaoqu/2111103318955/,近地铁6号线文化公园站,1,荔湾
伟业阁,暂无,113.253851,23.138304,https://gz.lianjia.com/xiaoqu/2111103316718/,近地铁1号线陈家祠站,1,荔湾
司法大厦,暂无,113.244225,23.127755,https://gz.lianjia.com/xiaoqu/2111103317320/,近地铁1号线长寿路站,1,荔湾
光复阁,暂无,113.259271,23.130493,https://gz.lianjia.com/xiaoqu/2111103319422/,近地铁1号线西门口站,1,荔湾
东安苑,暂无,113.232178,23.088314,https://gz.lianjia.com/xiaoqu/2111103317312/,,1,荔湾
郭村小区,暂无,113.215357,23.11364,https://gz.lianjia.com/xiaoqu/2111103317630/,近地铁5号线滘口站,1,荔湾
钢琴厂宿舍,暂无,113.235592,23.097212,https://gz.lianjia.com/xiaoqu/2111103318461/,近地铁1号线花地湾站,1,荔湾
芳信轩,暂无,113.219496,23.115548,https://gz.lianjia.com/xiaoqu/2111103318714/,近地铁5号线滘口站,1,荔湾
光复中路,暂无,113.258275,23.126272,https://gz.lianjia.com/xiaoqu/2111103831759/,近地铁1号线西门口站,1,荔湾
龙津东路,暂无,113.254956,23.128562,https://gz.lianjia.com/xiaoqu/2111103831692/,近地铁1号线西门口站,1,荔湾
穗文大厦,暂无,113.245661,23.124453,https://gz.lianjia.com/xiaoqu/2111103317179/,近地铁1号线长寿路站,1,荔湾
祥日苑,暂无,113.251497,23.127344,https://gz.lianjia.com/xiaoqu/2111103317796/,近地铁1号线长寿路站,1,荔湾
悦江上品苑,暂无,113.222877,23.139362,https://gz.lianjia.com/xiaoqu/2110002541325363/,近地铁6号线河沙站,1,荔湾
荔湾大厦,暂无,113.260924,23.133442,https://gz.lianjia.com/xiaoqu/2111103317195/,近地铁1号线西门口站,1,荔湾
荷柳苑,暂无,113.235715,23.134553,https://gz.lianjia.com/xiaoqu/2111103317518/,近地铁5号线中山八站,1,荔湾
业丰花园,暂无,113.251729,23.147489,https://gz.lianjia.com/xiaoqu/2111103318048/,近地铁5号线西村站,1,荔湾
鹅潭湾,暂无,113.217092,23.124573,https://gz.lianjia.com/xiaoqu/219977110999819/,近地铁6号线坦尾站,1,荔湾
荔怡中心,暂无,113.24868,23.137038,https://gz.lianjia.com/xiaoqu/2111103317886/,近地铁1号线陈家祠站,1,荔湾
珠光御景壹號,暂无,113.242721,23.11555,https://gz.lianjia.com/xiaoqu/2110178066657094/,近地铁1号线黄沙站,1,荔湾
第三附属医院宿舍,暂无,113.241203,23.123999,https://gz.lianjia.com/xiaoqu/2111103318201/,近地铁5号线西场站,1,荔湾
荔湾雅居,暂无,113.248997,23.139698,https://gz.lianjia.com/xiaoqu/2111103319214/,近地铁5号线西场站,1,荔湾
花地湾荷花苑,暂无,113.235737,23.091447,https://gz.lianjia.com/xiaoqu/2111103317245/,近地铁1号线花地湾站,1,荔湾
茶滘公寓,暂无,113.233527,23.09281,https://gz.lianjia.com/xiaoqu/2111103317603/,近地铁1号线花地湾站,1,荔湾
果品公司宿舍,暂无,113.235936,23.126345,https://gz.lianjia.com/xiaoqu/2111103319208/,近地铁6号线如意坊站,1,荔湾
西场电器城,暂无,113.239663,23.145778,https://gz.lianjia.com/xiaoqu/2111103317955/,近地铁5号线西场站,1,荔湾
厚福苑,暂无,113.247554,23.128063,https://gz.lianjia.com/xiaoqu/2111103317990/,近地铁1号线长寿路站,1,荔湾
荔华楼,暂无,113.248563,23.137591,https://gz.lianjia.com/xiaoqu/2111103318743/,近地铁5号线西场站,1,荔湾
区府宿舍,暂无,113.225917,23.113301,https://gz.lianjia.com/xiaoqu/2111103319044/,,1,荔湾
谊园小区,暂无,113.243292,23.117525,https://gz.lianjia.com/xiaoqu/2111103318087/,近地铁1号线黄沙站,1,荔湾
茶滘新村,暂无,113.235767,23.097522,https://gz.lianjia.com/xiaoqu/2111103316992/,近地铁1号线芳村站,1,荔湾
兴和阁,暂无,113.222607,23.111005,https://gz.lianjia.com/xiaoqu/2111103317661/,,1,荔湾
芳村大道中石围塘,暂无,113.230917,23.11063,https://gz.lianjia.com/xiaoqu/2110343239123202/,,1,荔湾
春蕾苑,暂无,113.251465,23.122466,https://gz.lianjia.com/xiaoqu/2111103316437/,近地铁1号线长寿路站,1,荔湾
光复大厦,暂无,113.258313,23.124139,https://gz.lianjia.com/xiaoqu/2111103317897/,近地铁1号线西门口站,1,荔湾
林业厅宿舍,暂无,113.247804,23.132617,https://gz.lianjia.com/xiaoqu/2111103318012/,近地铁1号线陈家祠站,1,荔湾
芳信路中医院宿舍,暂无,113.21981,23.11585,https://gz.lianjia.com/xiaoqu/2111103318040/,近地铁5号线滘口站,1,荔湾
恒润阁,暂无,113.22993,23.112896,https://gz.lianjia.com/xiaoqu/2111103318328/,,1,荔湾
财局宿舍,暂无,113.236504,23.100706,https://gz.lianjia.com/xiaoqu/2111103318577/,近地铁1号线芳村站,1,荔湾
省中医院宿舍,暂无,113.244756,23.086254,https://gz.lianjia.com/xiaoqu/2111103318864/,近地铁广佛线沙涌站,1,荔湾
怡景苑,暂无,113.249257,23.095294,https://gz.lianjia.com/xiaoqu/2111103319041/,近地铁广佛线沙涌站,1,荔湾
大田苑,暂无,113.233989,23.097651,https://gz.lianjia.com/xiaoqu/2111103319325/,,1,荔湾
西湾苑,暂无,113.251716,23.151711,https://gz.lianjia.com/xiaoqu/2111103317839/,近地铁5号线西村站,1,荔湾
文昌北路,暂无,113.251048,23.124931,https://gz.lianjia.com/xiaoqu/2111103831707/,近地铁1号线长寿路站,1,荔湾
塞坝路,暂无,113.224548,23.11761,https://gz.lianjia.com/xiaoqu/2111103831752/,近地铁5号线滘口站,1,荔湾
广和苑,暂无,113.259608,23.071269,https://gz.lianjia.com/xiaoqu/2111103317469/,,1,荔湾
芳泰花园,暂无,113.223686,23.115297,https://gz.lianjia.com/xiaoqu/2111103317529/,近地铁5号线滘口站,1,荔湾
逢源大厦,暂无,113.245229,23.125304,https://gz.lianjia.com/xiaoqu/2111103317867/,近地铁1号线长寿路站,1,荔湾
紫莱大厦,暂无,113.256037,23.128674,https://gz.lianjia.com/xiaoqu/2111103319133/,近地铁1号线陈家祠站,1,荔湾
卫生局宿舍,暂无,113.224814,23.113607,https://gz.lianjia.com/xiaoqu/2111103319295/,,1,荔湾
站前路,暂无,113.25651,23.1487,https://gz.lianjia.com/xiaoqu/2111103831782/,近地铁2号线广州火车站站,1,荔湾
中山八路泮塘五约新街,暂无,113.242389,23.131303,https://gz.lianjia.com/xiaoqu/2110502619541435/,近地铁5号线中山八站,1,荔湾
西华路芦荻西街,暂无,113.251515,23.139047,https://gz.lianjia.com/xiaoqu/2110837605756384/,近地铁1号线陈家祠站,1,荔湾
万科海上传奇,暂无,113.239024,23.108399,https://gz.lianjia.com/xiaoqu/2116520956882379/,,1,荔湾
紫景楼,暂无,113.259658,23.070227,https://gz.lianjia.com/xiaoqu/2111103317281/,,1,荔湾
悦湖阁,暂无,113.25234,23.140068,https://gz.lianjia.com/xiaoqu/2111103317316/,近地铁5号线西场站,1,荔湾
明桂苑,暂无,113.248961,23.094841,https://gz.lianjia.com/xiaoqu/2111103317943/,近地铁广佛线沙涌站,1,荔湾
康业阁,暂无,113.254192,23.138161,https://gz.lianjia.com/xiaoqu/2111103318211/,近地铁1号线陈家祠站,1,荔湾
金花小区,暂无,113.258672,23.133589,https://gz.lianjia.com/xiaoqu/2111103318449/,近地铁5号线西场站,1,荔湾
金荔阁,暂无,113.257083,23.133717,https://gz.lianjia.com/xiaoqu/2111103318744/,近地铁1号线陈家祠站,1,荔湾
成诺雅居,暂无,113.244746,23.136663,https://gz.lianjia.com/xiaoqu/2111103318839/,近地铁5号线中山八站,1,荔湾
十八甫路,暂无,113.255459,23.118038,https://gz.lianjia.com/xiaoqu/2111103831807/,近地铁6号线文化公园站,1,荔湾
周门路西园地,暂无,113.244994,23.132649,https://gz.lianjia.com/xiaoqu/2110820681477304/,近地铁5号线中山八站,1,荔湾
金桃小区金花直街,暂无,113.256326,23.133459,https://gz.lianjia.com/xiaoqu/2110343238860914/,近地铁1号线陈家祠站,1,荔湾
黄沙大道泮塘涌口,暂无,113.235602,23.126883,https://gz.lianjia.com/xiaoqu/2110820601787037/,近地铁5号线中山八站,1,荔湾
上市路太和街,暂无,113.239526,23.109086,https://gz.lianjia.com/xiaoqu/2116955565682294/,,1,荔湾
文苑楼,暂无,113.234956,23.09708,https://gz.lianjia.com/xiaoqu/2111103317344/,近地铁1号线花地湾站,1,荔湾
荔湖居,暂无,113.241468,23.129539,https://gz.lianjia.com/xiaoqu/2111103317375/,近地铁5号线中山八站,1,荔湾
金龙苑,暂无,113.233466,23.086355,https://gz.lianjia.com/xiaoqu/2111103317452/,近地铁1号线坑口站,1,荔湾
云南大厦,暂无,113.255437,23.132025,https://gz.lianjia.com/xiaoqu/2111103317763/,近地铁1号线陈家祠站,1,荔湾
芳建宿舍,暂无,113.231854,23.09802,https://gz.lianjia.com/xiaoqu/2111103318710/,,1,荔湾
兴东阁,暂无,113.22158,23.11331,https://gz.lianjia.com/xiaoqu/2111103318913/,近地铁5号线滘口站,1,荔湾
十八甫南路,暂无,113.252728,23.116559,https://gz.lianjia.com/xiaoqu/2111103831709/,近地铁6号线文化公园站,1,荔湾
杨巷路,暂无,113.256357,23.119472,https://gz.lianjia.com/xiaoqu/2111103831728/,近地铁6号线文化公园站,1,荔湾
规划局宿舍,暂无,113.247137,23.137946,https://gz.lianjia.com/xiaoqu/2111103318050/,近地铁5号线西场站,1,荔湾
交警大楼,暂无,113.223798,23.11467,https://gz.lianjia.com/xiaoqu/2111103318080/,,1,荔湾
和平新村和平西七街,暂无,113.244277,23.144834,https://gz.lianjia.com/xiaoqu/2110343238861309/,近地铁5号线西场站,1,荔湾
周门北路周门大街,暂无,113.246674,23.137289,https://gz.lianjia.com/xiaoqu/2110434841685179/,近地铁5号线西场站,1,荔湾
龙津西路三连直街,暂无,113.243017,23.125915,https://gz.lianjia.com/xiaoqu/2110841081262377/,近地铁1号线长寿路站,1,荔湾
西华路韶乐大街,暂无,113.255675,23.136621,https://gz.lianjia.com/xiaoqu/2111542463786009/,,1,荔湾
珠江金茂府,暂无,113.251091,23.077282,https://gz.lianjia.com/xiaoqu/2113329441762393/,近地铁广佛线鹤洞站,1,荔湾
周门路周门西街,暂无,113.244304,23.134546,https://gz.lianjia.com/xiaoqu/2115028074065481/,近地铁5号线中山八站,1,荔湾
省水利厅水文局宿舍,暂无,113.240034,23.122638,https://gz.lianjia.com/xiaoqu/2118264971817672/,近地铁1号线长寿路站,1,荔湾
文昌北路建隆大街,暂无,113.251845,23.125922,https://gz.lianjia.com/xiaoqu/2120022938244047/,近地铁1号线长寿路站,1,荔湾
黄沙大厦,暂无,113.24075,23.120258,https://gz.lianjia.com/xiaoqu/2111103316664/,近地铁6号线如意坊站,1,荔湾
陈岗大厦,暂无,113.257223,23.14743,https://gz.lianjia.com/xiaoqu/2111103316939/,近地铁2号线广州火车站站,1,荔湾
合兴大厦,暂无,113.236202,23.096168,https://gz.lianjia.com/xiaoqu/2111103317679/,近地铁1号线花地湾站,1,荔湾
金信大厦,暂无,113.260662,23.132775,https://gz.lianjia.com/xiaoqu/2111103317918/,近地铁1号线西门口站,1,荔湾
广船鹤园小区,暂无,113.247694,23.079897,https://gz.lianjia.com/xiaoqu/2111103319445/,近地铁广佛线鹤洞站,1,荔湾
环市西路西站三街,暂无,113.254031,23.148267,https://gz.lianjia.com/xiaoqu/2111153303940352/,近地铁5号线西村站,1,荔湾
蓬莱路蓬莱大街,暂无,113.245435,23.11922,https://gz.lianjia.com/xiaoqu/2113537264808541/,近地铁1号线黄沙站,1,荔湾
珠玑路联桂坊,暂无,113.249456,23.118029,https://gz.lianjia.com/xiaoqu/2120021730949783/,近地铁1号线黄沙站,1,荔湾
富凯星堤,暂无,113.260651,23.061149,https://gz.lianjia.com/xiaoqu/219977417183985/,,1,荔湾
葛洲坝保利曼城,暂无,113.251048,23.076556,https://gz.lianjia.com/xiaoqu/219979439361308/,近地铁广佛线鹤洞站,1,荔湾
西华路长庚中约,暂无,113.250666,23.139479,https://gz.lianjia.com/xiaoqu/2110343238337119/,近地铁1号线西门口站,1,荔湾
周门路周门北街,暂无,113.244922,23.133746,https://gz.lianjia.com/xiaoqu/2110683783590728/,近地铁5号线中山八站,1,荔湾
西华路154号大院,暂无,113.252729,23.13832,https://gz.lianjia.com/xiaoqu/2120023594918123/,近地铁5号线西场站,1,荔湾
宏芳楼,暂无,113.248694,23.098782,https://gz.lianjia.com/xiaoqu/2111103317196/,近地铁1号线芳村站,1,荔湾
泰安楼,暂无,113.252034,23.139178,https://gz.lianjia.com/xiaoqu/2111103317268/,近地铁5号线西场站,1,荔湾
鹤苑小区,暂无,113.25568,23.088122,https://gz.lianjia.com/xiaoqu/2111103317439/,近地铁广佛线沙涌站,1,荔湾
天侨阁,暂无,113.230172,23.112607,https://gz.lianjia.com/xiaoqu/2111103317440/,,1,荔湾
铁路宿舍,暂无,113.239741,23.120741,https://gz.lianjia.com/xiaoqu/2111103318058/,近地铁6号线如意坊站,1,荔湾
桥兴苑,暂无,113.218716,23.106723,https://gz.lianjia.com/xiaoqu/2111103318131/,,1,荔湾
广灯宿舍,暂无,113.252788,23.137692,https://gz.lianjia.com/xiaoqu/2111103318170/,近地铁1号线陈家祠站,1,荔湾
康怡居,暂无,113.253305,23.135449,https://gz.lianjia.com/xiaoqu/2111103318570/,近地铁1号线陈家祠站,1,荔湾
香料厂宿舍,暂无,113.233619,23.099635,https://gz.lianjia.com/xiaoqu/2111103318861/,,1,荔湾
铁路大厦,暂无,113.238099,23.121783,https://gz.lianjia.com/xiaoqu/2111103319209/,近地铁6号线如意坊站,1,荔湾
桨栏路,暂无,113.258607,23.118254,https://gz.lianjia.com/xiaoqu/2111103831825/,近地铁6号线文化公园站,1,荔湾
人民南路,暂无,113.259897,23.118898,https://gz.lianjia.com/xiaoqu/2111103831736/,近地铁6号线一德路站,1,荔湾
电业大院东风西路,暂无,113.243449,23.143165,https://gz.lianjia.com/xiaoqu/2110343238861685/,近地铁5号线西场站,1,荔湾
多宝路宝庆新中约,暂无,113.245191,23.121582,https://gz.lianjia.com/xiaoqu/2110745489665140/,,1,荔湾
培真路培真二巷,暂无,113.250294,23.084144,https://gz.lianjia.com/xiaoqu/2120022236526623/,近地铁广佛线沙涌站,1,荔湾
和平东路,暂无,113.25822,23.117786,https://gz.lianjia.com/xiaoqu/2120025025856594/,,1,荔湾
逢源纺织宿舍小区,暂无,113.246777,23.127937,https://gz.lianjia.com/xiaoqu/2120025715926592/,,1,荔湾
华深楼,暂无,113.251225,23.097463,https://gz.lianjia.com/xiaoqu/2111103319419/,,1,荔湾
人民南路,暂无,113.259897,23.118898,https://gz.lianjia.com/xiaoqu/2111103831736/,近地铁6号线一德路站,1,荔湾
和平新村和平西五街,暂无,113.243833,23.144518,https://gz.lianjia.com/xiaoqu/2110343238861305/,近地铁5号线西场站,1,荔湾
东风西路源溪大街,暂无,113.243588,23.14276,https://gz.lianjia.com/xiaoqu/2110683329818630/,近地铁5号线西场站,1,荔湾
西华路长寿坊,暂无,113.253775,23.13751,https://gz.lianjia.com/xiaoqu/2111862246173741/,近地铁2号线广州火车站站,1,荔湾
芳村大道东招村大街,暂无,113.245617,23.092807,https://gz.lianjia.com/xiaoqu/2111862246173795/,近地铁1号线花地湾站,1,荔湾
宝华路十六甫北街,暂无,113.248496,23.119947,https://gz.lianjia.com/xiaoqu/2113515492961860/,近地铁1号线长寿路站,1,荔湾
西华路和安西街,暂无,113.256833,23.132267,https://gz.lianjia.com/xiaoqu/2114557363865905/,近地铁2号线广州火车站站,1,荔湾
东漖北路福源东街,暂无,113.237039,23.101228,https://gz.lianjia.com/xiaoqu/2114964099157469/,近地铁1号线芳村站,1,荔湾
荔湾路金雁里菜地,暂无,113.253465,23.134739,https://gz.lianjia.com/xiaoqu/2116362759031518/,,1,荔湾
荔湾路荔溪东二巷,暂无,113.248201,23.133281,https://gz.lianjia.com/xiaoqu/2116866898882056/,,1,荔湾
芳村大道东杏花大街,暂无,113.250379,23.093764,https://gz.lianjia.com/xiaoqu/2120021105836823/,近地铁广佛线沙涌站,1,荔湾
南岸路源溪石路边,暂无,113.241288,23.141576,https://gz.lianjia.com/xiaoqu/2120021714169976/,近地铁5号线西场站,1,荔湾
西华路龙田里,暂无,113.256927,23.135787,https://gz.lianjia.com/xiaoqu/2120021783376565/,,1,荔湾
西华路中道新巷,暂无,113.256851,23.135931,https://gz.lianjia.com/xiaoqu/2120021783376897/,,1,荔湾
西华路中道巷,暂无,113.256944,23.136068,https://gz.lianjia.com/xiaoqu/2120021783377376/,,1,荔湾
西华路斗姥前,暂无,113.256567,23.134183,https://gz.lianjia.com/xiaoqu/2120021786518344/,,1,荔湾
西华路彩虹东街,暂无,113.253114,23.138602,https://gz.lianjia.com/xiaoqu/2120021938562402/,近地铁5号线西场站,1,荔湾
中山七路将军里,暂无,113.258432,23.131947,https://gz.lianjia.com/xiaoqu/2120022083409487/,近地铁1号线公园前站,1,荔湾
中山七路和安南,暂无,113.256879,23.132085,https://gz.lianjia.com/xiaoqu/2120022085499685/,,1,荔湾
中山七路宝安里,暂无,113.258276,23.132371,https://gz.lianjia.com/xiaoqu/2120022089692708/,近地铁1号线公园前站,1,荔湾
环市西路黑山六街,暂无,113.254902,23.151502,https://gz.lianjia.com/xiaoqu/2120024305153598/,近地铁2号线广州火车站站,1,荔湾
多宝路多宝南横,暂无,113.242383,23.121847,https://gz.lianjia.com/xiaoqu/2120025024803867/,,1,荔湾
嘉城苑,暂无,113.253688,23.137039,https://gz.lianjia.com/xiaoqu/2111103316484/,近地铁1号线陈家祠站,1,荔湾
文安花苑,暂无,113.219312,23.116681,https://gz.lianjia.com/xiaoqu/2111103316622/,近地铁5号线滘口站,1,荔湾
茶景阁,暂无,113.235755,23.100485,https://gz.lianjia.com/xiaoqu/2111103317383/,近地铁1号线芳村站,1,荔湾
国信广场,暂无,113.245816,23.114141,https://gz.lianjia.com/xiaoqu/2111103317463/,,1,荔湾
蓬莱阁,暂无,113.243313,23.118358,https://gz.lianjia.com/xiaoqu/2111103317843/,近地铁1号线黄沙站,1,荔湾
工商局宿舍,暂无,113.250636,23.097592,https://gz.lianjia.com/xiaoqu/2111103318419/,近地铁1号线芳村站,1,荔湾
水磨厂宿舍,暂无,113.232832,23.09859,https://gz.lianjia.com/xiaoqu/2111103318488/,,1,荔湾
桃源小区,暂无,113.259342,23.13452,https://gz.lianjia.com/xiaoqu/2111103318750/,近地铁5号线西场站,1,荔湾
美华中学教师宿舍,暂无,113.24556,23.149106,https://gz.lianjia.com/xiaoqu/2111103319261/,近地铁5号线西村站,1,荔湾
兴东路,暂无,113.220757,23.113069,https://gz.lianjia.com/xiaoqu/2111103831780/,,1,荔湾
寓乐家,暂无,113.260683,23.133007,https://gz.lianjia.com/xiaoqu/219999352081719/,,1,荔湾
西湾路福州一横街,暂无,113.248861,23.15263,https://gz.lianjia.com/xiaoqu/2110683287350346/,近地铁5号线西村站,1,荔湾
宝华路十六甫西街,暂无,113.248434,23.119787,https://gz.lianjia.com/xiaoqu/2110684399627731/,近地铁1号线长寿路站,1,荔湾
盐步东秀碧华村,暂无,113.219585,23.104693,https://gz.lianjia.com/xiaoqu/2111884841152625/,,1,荔湾
十八甫南路冼基西,暂无,113.253286,23.117082,https://gz.lianjia.com/xiaoqu/2120024810790782/,近地铁1号线黄沙站,1,荔湾
滘口小区,暂无,113.210672,23.121724,https://gz.lianjia.com/xiaoqu/2120024989155126/,,1,荔湾
佛山碧翠苑,暂无,113.214234,23.099904,https://gz.lianjia.com/xiaoqu/2120025174752734/,,1,荔湾
鹤翔路,暂无,113.251143,23.085162,https://gz.lianjia.com/xiaoqu/2111103831661/,近地铁广佛线鹤洞站,1,荔湾
和平新村和平中十一街,暂无,113.245576,23.144975,https://gz.lianjia.com/xiaoqu/2110343238861300/,近地铁5号线西场站,1,荔湾
和平新村和平西四街,暂无,113.243779,23.144335,https://gz.lianjia.com/xiaoqu/2110343238861306/,近地铁5号线西场站,1,荔湾
和平新村和平西六街,暂无,113.243554,23.145041,https://gz.lianjia.com/xiaoqu/2110343238861310/,近地铁5号线西场站,1,荔湾
电业大院和平南三街,暂无,113.243431,23.142924,https://gz.lianjia.com/xiaoqu/2110343238861317/,近地铁5号线西场站,1,荔湾
宝华路十六甫大街,暂无,113.248762,23.120859,https://gz.lianjia.com/xiaoqu/2110343239123204/,近地铁1号线长寿路站,1,荔湾
芳村大道中桥梓大街,暂无,113.224701,23.110256,https://gz.lianjia.com/xiaoqu/2110343239123241/,,1,荔湾
十八甫南路菜栏横街,暂无,113.252396,23.116102,https://gz.lianjia.com/xiaoqu/2110343239123410/,近地铁1号线黄沙站,1,荔湾
南岸路南岸二巷,暂无,113.237071,23.137568,https://gz.lianjia.com/xiaoqu/2110683689217886/,,1,荔湾
珠玑路仁昌里,暂无,113.250743,23.118499,https://gz.lianjia.com/xiaoqu/2110789938803565/,近地铁1号线黄沙站,1,荔湾
华贵路荷溪三约新街,暂无,113.249499,23.126837,https://gz.lianjia.com/xiaoqu/2110925689024108/,近地铁1号线长寿路站,1,荔湾
中山八路仁威庙新街,暂无,113.241912,23.129937,https://gz.lianjia.com/xiaoqu/2110950998503662/,近地铁5号线中山八站,1,荔湾
隧兴广场,暂无,113.245825,23.113796,https://gz.lianjia.com/xiaoqu/2111003101196812/,近地铁1号线黄沙站,1,荔湾
鹤洞路竹涧直街,暂无,113.24657,23.078143,https://gz.lianjia.com/xiaoqu/2111113214259077/,,1,荔湾
文昌北路耀华中东街,暂无,113.25108,23.124249,https://gz.lianjia.com/xiaoqu/2111244162788783/,近地铁1号线长寿路站,1,荔湾
多宝路昌华大街,暂无,113.241304,23.121532,https://gz.lianjia.com/xiaoqu/2111861541007962/,近地铁1号线黄沙站,1,荔湾
东漖北路花海街,暂无,113.23112,23.101676,https://gz.lianjia.com/xiaoqu/2111884841152629/,,1,荔湾
山村路通津街,暂无,113.236354,23.109315,https://gz.lianjia.com/xiaoqu/2111886191193348/,,1,荔湾
东漖北路花海街,暂无,113.23112,23.101676,https://gz.lianjia.com/xiaoqu/2111884841152629/,,1,荔湾
山村路通津街,暂无,113.236354,23.109315,https://gz.lianjia.com/xiaoqu/2111886191193348/,,1,荔湾
六二三路沙面五街,暂无,113.248319,23.113253,https://gz.lianjia.com/xiaoqu/2111952155275652/,近地铁1号线黄沙站,1,荔湾
宝华路存善正街,暂无,113.249794,23.125306,https://gz.lianjia.com/xiaoqu/2113515224527545/,近地铁1号线长寿路站,1,荔湾
北大资源博雅1898,暂无,113.252259,23.074855,https://gz.lianjia.com/xiaoqu/2113827385602670/,近地铁广佛线鹤洞站,1,荔湾
环市西路黑山七街,暂无,113.255212,23.150813,https://gz.lianjia.com/xiaoqu/2114421112664190/,近地铁5号线西村站,1,荔湾
环市西路西站西街,暂无,113.252967,23.150225,https://gz.lianjia.com/xiaoqu/2114421480189793/,近地铁5号线西村站,1,荔湾
文昌北路耀华东街,暂无,113.251626,23.124548,https://gz.lianjia.com/xiaoqu/2114572750670192/,,1,荔湾
蓬莱路蓬莱新街,暂无,113.244148,23.119721,https://gz.lianjia.com/xiaoqu/2114965765344482/,近地铁1号线黄沙站,1,荔湾
六二三路隆昌街,暂无,113.250732,23.114602,https://gz.lianjia.com/xiaoqu/2114966169045104/,近地铁1号线黄沙站,1,荔湾
逢源路宝源中约,暂无,113.246952,23.125122,https://gz.lianjia.com/xiaoqu/2114966419656668/,近地铁1号线长寿路站,1,荔湾
广东省输变电工程公司上村小区,暂无,113.239559,23.143174,https://gz.lianjia.com/xiaoqu/2115028076950110/,近地铁1号线长寿路站,1,荔湾
鹤翎路,暂无,113.250692,23.086163,https://gz.lianjia.com/xiaoqu/2115508812869595/,近地铁广佛线沙涌站,1,荔湾
花蕾路鹰爪树街,暂无,113.242494,23.102896,https://gz.lianjia.com/xiaoqu/2115529333787827/,近地铁1号线芳村站,1,荔湾
东漖南路,暂无,113.235583,23.083649,https://gz.lianjia.com/xiaoqu/2115546152660283/,近地铁1号线坑口站,1,荔湾
兴隆北路,暂无,113.257205,23.117335,https://gz.lianjia.com/xiaoqu/2116026852428516/,近地铁6号线文化公园站,1,荔湾
南岸路步头直街,暂无,113.239102,23.137655,https://gz.lianjia.com/xiaoqu/2116975003420701/,近地铁5号线西场站,1,荔湾
上市路新隆沙西,暂无,113.242218,23.108518,https://gz.lianjia.com/xiaoqu/2117089310764037/,,1,荔湾
南岸路紫兰大街,暂无,113.237772,23.139074,https://gz.lianjia.com/xiaoqu/2117653233365834/,近地铁2号线广州火车站站,1,荔湾
侨光财经学院宿舍,暂无,113.259066,23.127286,https://gz.lianjia.com/xiaoqu/2117727269646019/,,1,荔湾
蓬莱路柳波直街,暂无,113.244571,23.118076,https://gz.lianjia.com/xiaoqu/2117767307971551/,近地铁1号线黄沙站,1,荔湾
保利葛洲坝海德公馆,暂无,113.250882,23.078588,https://gz.lianjia.com/xiaoqu/2120020597240361/,近地铁广佛线鹤洞站,1,荔湾
中山八路仁威庙前街,暂无,113.24293,23.129446,https://gz.lianjia.com/xiaoqu/2120020827924765/,近地铁5号线中山八站,1,荔湾
协和路,暂无,113.245557,23.150049,https://gz.lianjia.com/xiaoqu/2120020956905118/,近地铁5号线西村站,1,荔湾
粤海宝华轩,暂无,113.250361,23.120157,https://gz.lianjia.com/xiaoqu/2120021005136285/,近地铁1号线长寿路站,1,荔湾
西湾路福州二横街,暂无,113.24809,23.153095,https://gz.lianjia.com/xiaoqu/2120021582012538/,近地铁5号线西村站,1,荔湾
清平路,暂无,113.251548,23.115674,https://gz.lianjia.com/xiaoqu/2120021656463677/,近地铁1号线黄沙站,1,荔湾
龙湾路太和约,暂无,113.232306,23.106455,https://gz.lianjia.com/xiaoqu/2120021661701902/,,1,荔湾
南岸路南岸一巷,暂无,113.238894,23.136317,https://gz.lianjia.com/xiaoqu/2120021684804672/,,1,荔湾
南岸路仁泽一巷,暂无,113.238319,23.139545,https://gz.lianjia.com/xiaoqu/2120021709979424/,近地铁5号线西场站,1,荔湾
南岸路汇龙大街,暂无,113.238944,23.139969,https://gz.lianjia.com/xiaoqu/2120021713117345/,近地铁5号线西场站,1,荔湾
源溪石路边3号大院,暂无,113.241203,23.141186,https://gz.lianjia.com/xiaoqu/2120021736188111/,近地铁5号线西场站,1,荔湾
上市路寺岸街,暂无,113.241275,23.107803,https://gz.lianjia.com/xiaoqu/2120022083403060/,,1,荔湾
浣花路浣南东街,暂无,113.239076,23.085698,https://gz.lianjia.com/xiaoqu/2120023750206105/,近地铁1号线坑口站,1,荔湾
汇盈商厦,暂无,113.25288,23.157074,https://gz.lianjia.com/xiaoqu/2120023819442789/,近地铁2号线广州火车站站,1,荔湾
红楼泳场宿舍,暂无,113.230442,23.126481,https://gz.lianjia.com/xiaoqu/2120024306202729/,近地铁6号线坦尾站,1,荔湾
南岸路紫兰新巷,暂无,113.237605,23.139615,https://gz.lianjia.com/xiaoqu/2120024827571204/,近地铁5号线西场站,1,荔湾
芳村大道西滘口村,暂无,113.215939,23.123132,https://gz.lianjia.com/xiaoqu/2120025152730786/,,1,荔湾
五眼桥河涌整治复建房,暂无,113.222432,23.116582,https://gz.lianjia.com/xiaoqu/2120025154834122/,,1,荔湾
芳村大道西南头后,暂无,113.226983,23.110768,https://gz.lianjia.com/xiaoqu/2120025161118796/,,1,荔湾
芳村大道西新基村,暂无,113.22379,23.110549,https://gz.lianjia.com/xiaoqu/2120025161119624/,,1,荔湾
东漖南路东漖新村,暂无,113.237128,23.087214,https://gz.lianjia.com/xiaoqu/2120025251399558/,,1,荔湾
振业天颂花园,暂无,113.253391,23.073143,https://gz.lianjia.com/xiaoqu/2120025332126786/,,1,荔湾
环市西路黑山八街,暂无,113.255731,23.151683,https://gz.lianjia.com/xiaoqu/2120025768354122/,,1,荔湾
平安居,暂无,113.25541,23.14627,https://gz.lianjia.com/xiaoqu/2111103317717/,近地铁5号线西村站,1,荔湾
伟腾阁,暂无,113.222604,23.112449,https://gz.lianjia.com/xiaoqu/2111103317879/,,1,荔湾
顺景楼,暂无,113.240256,23.133981,https://gz.lianjia.com/xiaoqu/2111103317919/,近地铁5号线中山八站,1,荔湾
污水处理厂宿舍,暂无,113.22583,23.128723,https://gz.lianjia.com/xiaoqu/2111103318065/,近地铁6号线坦尾站,1,荔湾
电业东村,暂无,113.238521,23.143299,https://gz.lianjia.com/xiaoqu/2111103318226/,近地铁1号线长寿路站,1,荔湾
电业北,暂无,113.238297,23.143113,https://gz.lianjia.com/xiaoqu/2111103318289/,近地铁1号线长寿路站,1,荔湾
桥中广场,暂无,113.229545,23.141512,https://gz.lianjia.com/xiaoqu/2111103318408/,近地铁6号线河沙站,1,荔湾
电业中,暂无,113.238373,23.142639,https://gz.lianjia.com/xiaoqu/2111103318573/,近地铁1号线长寿路站,1,荔湾
农民公寓,暂无,113.23582,23.085312,https://gz.lianjia.com/xiaoqu/2111103318837/,近地铁1号线坑口站,1,荔湾
接龙里小区,暂无,113.248106,23.09848,https://gz.lianjia.com/xiaoqu/2111103319022/,近地铁1号线芳村站,1,荔湾
