万科新里程,31909,113.453824,23.193225,https://gz.lianjia.com/xiaoqu/2116932662161006/,近地铁6号线金峰站,1,黄埔
万科东荟城,21250,113.510982,23.163885,https://gz.lianjia.com/xiaoqu/2110115187486483/,,1,黄埔
龙光峰景华庭,27427,113.456464,23.194766,https://gz.lianjia.com/xiaoqu/2114391923454549/,,1,黄埔
怡港花园怡丰楼,27741,113.46138,23.105672,https://gz.lianjia.com/xiaoqu/2110343238861062/,近地铁5号线大沙东站,1,黄埔
泰景花园东城华庭,30503,113.460324,23.116645,https://gz.lianjia.com/xiaoqu/2110343238861584/,近地铁5号线大沙东站,1,黄埔
悦时代花园心悦湾,35468,113.474193,23.110033,https://gz.lianjia.com/xiaoqu/2110343239123141/,近地铁5号线文冲站,1,黄埔
泰景花园文雅阁,30578,113.461429,23.115976,https://gz.lianjia.com/xiaoqu/2110343238599055/,近地铁5号线大沙东站,1,黄埔
银丰花园银丰二街,22132,113.461632,23.11499,https://gz.lianjia.com/xiaoqu/2110343238598664/,近地铁5号线大沙东站,1,黄埔
怡港花园怡康楼,37748,113.459103,23.105693,https://gz.lianjia.com/xiaoqu/2110343238861055/,近地铁5号线大沙地站,1,黄埔
黄埔新村黄埔雅苑,35048,113.467182,23.107624,https://gz.lianjia.com/xiaoqu/2110343238861053/,近地铁5号线大沙东站,1,黄埔
新安苑68号,23997,113.466093,23.110734,https://gz.lianjia.com/xiaoqu/2110343238337093/,近地铁5号线大沙东站,1,黄埔
怡港花园怡欣楼,37998,113.46125,23.106225,https://gz.lianjia.com/xiaoqu/2110343238861057/,近地铁5号线大沙地站,1,黄埔
中海誉城北苑,24513,113.531724,23.169459,https://gz.lianjia.com/xiaoqu/2110111597161952/,,1,黄埔
银丰花园银丰一街,24511,113.462266,23.114233,https://gz.lianjia.com/xiaoqu/2110343238598663/,近地铁5号线大沙东站,1,黄埔
怡港花园怡晖楼,32777,113.460145,23.104979,https://gz.lianjia.com/xiaoqu/2110343238861060/,近地铁5号线大沙地站,1,黄埔
天虹花园阳光雅筑,29143,113.437374,23.115986,https://gz.lianjia.com/xiaoqu/2110343238598994/,近地铁5号线鱼珠站,1,黄埔
怡港花园怡乐楼,26582,113.461901,23.105153,https://gz.lianjia.com/xiaoqu/2110343238861061/,,1,黄埔
怡港花园怡海楼,45387,113.459943,23.104372,https://gz.lianjia.com/xiaoqu/2110343238861054/,近地铁5号线大沙地站,1,黄埔
雅居乐富春山居,33667,113.436764,23.190834,https://gz.lianjia.com/xiaoqu/2111793062704023/,近地铁6号线黄陂站,1,黄埔
荔园小区荔香二街,24285,113.452317,23.104187,https://gz.lianjia.com/xiaoqu/2110343238599606/,近地铁5号线大沙地站,1,黄埔
怡港花园怡安楼,37420,113.459853,23.105469,https://gz.lianjia.com/xiaoqu/2110343238861059/,近地铁5号线大沙地站,1,黄埔
万科金色梦想,19849,113.535973,23.170896,https://gz.lianjia.com/xiaoqu/2110115377016126/,,1,黄埔
中鼎君和名城,24095,113.46259,23.112334,https://gz.lianjia.com/xiaoqu/2110110822526380/,近地铁5号线大沙东站,1,黄埔
丰乐小区91号大院,24045,113.460621,23.11052,https://gz.lianjia.com/xiaoqu/2110343238861582/,近地铁5号线大沙东站,1,黄埔
东苑小区东苑东街,31515,113.45253,23.115167,https://gz.lianjia.com/xiaoqu/2110343238861607/,近地铁5号线大沙地站,1,黄埔
荔园小区荔香一街,29050,113.451491,23.104395,https://gz.lianjia.com/xiaoqu/2110343238599604/,近地铁5号线大沙地站,1,黄埔
祥辉广场,19361,113.486696,23.099453,https://gz.lianjia.com/xiaoqu/219162127585783/,,1,黄埔
怡港花园怡趣楼,39111,113.459336,23.106179,https://gz.lianjia.com/xiaoqu/2110343238861056/,近地铁5号线大沙地站,1,黄埔
新安苑66号,22082,113.465164,23.111341,https://gz.lianjia.com/xiaoqu/2110343238861461/,近地铁5号线大沙东站,1,黄埔
怡港花园怡雅楼,26924,113.460594,23.105664,https://gz.lianjia.com/xiaoqu/2110343238861058/,近地铁5号线大沙地站,1,黄埔
泰景花园大沙北路,31032,113.463764,23.115419,https://gz.lianjia.com/xiaoqu/2110343238861768/,近地铁5号线大沙东站,1,黄埔
泰景花园文苑阁,32016,113.461162,23.115412,https://gz.lianjia.com/xiaoqu/2110343238861767/,近地铁5号线大沙东站,1,黄埔
文船生活区东区,23036,113.483331,23.101754,https://gz.lianjia.com/xiaoqu/2110343238861252/,近地铁5号线文冲站,1,黄埔
荔园小区荔香路,26338,113.450993,23.104283,https://gz.lianjia.com/xiaoqu/2110343238599605/,近地铁5号线大沙地站,1,黄埔
科城山庄,33162,113.490977,23.190721,https://gz.lianjia.com/xiaoqu/2111273672600588/,,1,黄埔
保利林语山庄6区,31889,113.460551,23.188171,https://gz.lianjia.com/xiaoqu/2114466099481831/,近地铁6号线金峰站,1,黄埔
丰乐小区111号大院,26051,113.460257,23.11121,https://gz.lianjia.com/xiaoqu/2110343238337296/,近地铁5号线大沙东站,1,黄埔
锦林山庄,29352,113.469121,23.179604,https://gz.lianjia.com/xiaoqu/2113333184393729/,近地铁6号线暹岗站,1,黄埔
丰乐小区77号大院,25718,113.461182,23.109166,https://gz.lianjia.com/xiaoqu/2110343238861583/,近地铁5号线大沙东站,1,黄埔
保利香雪山花园,33071,113.481725,23.181784,https://gz.lianjia.com/xiaoqu/2112360075194890/,近地铁6号线萝岗站,1,黄埔
越秀岭南山畔,26013,113.458942,23.184829,https://gz.lianjia.com/xiaoqu/2112879939513349/,近地铁6号线金峰站,1,黄埔
万科城,27042,113.457208,23.189998,https://gz.lianjia.com/xiaoqu/2111771768222706/,近地铁6号线金峰站,1,黄埔
宏康花园五期宏康东筑,19112,113.554572,23.11235,https://gz.lianjia.com/xiaoqu/2110683329818631/,,1,黄埔
泰景花园泰景中街,31290,113.460625,23.116118,https://gz.lianjia.com/xiaoqu/2110343238599056/,近地铁5号线大沙东站,1,黄埔
泰景花园文轩阁,31128,113.462797,23.115267,https://gz.lianjia.com/xiaoqu/2110343238861766/,近地铁5号线大沙东站,1,黄埔
文船生活区西区,20851,113.480736,23.103246,https://gz.lianjia.com/xiaoqu/2110343238861251/,近地铁5号线文冲站,1,黄埔
泰景花园文浩阁,31474,113.460288,23.11682,https://gz.lianjia.com/xiaoqu/2110343238599054/,近地铁5号线大沙东站,1,黄埔
文船生活区新东区,18571,113.487009,23.103147,https://gz.lianjia.com/xiaoqu/2110343238861253/,,1,黄埔
泰景花园文荟阁,31365,113.462457,23.115772,https://gz.lianjia.com/xiaoqu/2110343238599057/,近地铁5号线大沙东站,1,黄埔
黄埔新村一期,25617,113.467504,23.107252,https://gz.lianjia.com/xiaoqu/2110343238336546/,近地铁5号线大沙东站,1,黄埔
保利越秀岭南林语,28630,113.508369,23.220582,https://gz.lianjia.com/xiaoqu/2113333506569111/,,1,黄埔
万科幸福誉,17360,113.546402,23.337725,https://gz.lianjia.com/xiaoqu/2113333184394102/,,1,黄埔
新福港鼎峰,32594,113.49199,23.185058,https://gz.lianjia.com/xiaoqu/2113786360065529/,近地铁6号线萝岗站,1,黄埔
中海誉城南苑,26003,113.538865,23.165098,https://gz.lianjia.com/xiaoqu/2117909657382306/,,1,黄埔
保利学府里,34652,113.447566,23.107252,https://gz.lianjia.com/xiaoqu/2113332297821843/,近地铁5号线大沙地站,1,黄埔
鹤林苑1栋,18787,113.449529,23.113347,https://gz.lianjia.com/xiaoqu/2110343238337237/,近地铁5号线大沙地站,1,黄埔
东苑小区东苑中街,31870,113.45168,23.114353,https://gz.lianjia.com/xiaoqu/2110343238861605/,近地铁5号线大沙地站,1,黄埔
萝岗万达广场,18470,113.473055,23.175265,https://gz.lianjia.com/xiaoqu/2111273672600944/,近地铁6号线暹岗站,1,黄埔
奥园春晓,25964,113.504349,23.217496,https://gz.lianjia.com/xiaoqu/2114375473130816/,,1,黄埔
保利林语山庄,40978,113.460389,23.188752,https://gz.lianjia.com/xiaoqu/2120021833710734/,近地铁6号线金峰站,1,黄埔
越秀岭南雅筑,20654,113.545216,23.175323,https://gz.lianjia.com/xiaoqu/2113333689020640/,,1,黄埔
科城山庄锦泽园,33769,113.491744,23.192709,https://gz.lianjia.com/xiaoqu/2117903846174284/,,1,黄埔
黄电新村,14754,113.527726,23.090586,https://gz.lianjia.com/xiaoqu/219685916200560/,,1,黄埔
宏康小筑,15287,113.561115,23.206218,https://gz.lianjia.com/xiaoqu/2113804813168095/,,1,黄埔
佳兆业城市广场,23129,113.5557,23.108686,https://gz.lianjia.com/xiaoqu/2114142328310183/,,1,黄埔
蔚蓝大厦,14167,113.541443,23.071535,https://gz.lianjia.com/xiaoqu/219981721325306/,,1,黄埔
新港生活区,16325,113.528589,23.093012,https://gz.lianjia.com/xiaoqu/219097322180920/,,1,黄埔
东苑小区东苑西街,19842,113.45112,23.114951,https://gz.lianjia.com/xiaoqu/2110343238861606/,近地铁5号线大沙地站,1,黄埔
源兴雅居,15042,113.519808,23.067691,https://gz.lianjia.com/xiaoqu/2110112308358471/,,1,黄埔
合景天峻广场,11590,113.558965,23.328985,https://gz.lianjia.com/xiaoqu/2110113551707361/,,1,黄埔
萝岗敏捷广场,12981,113.489952,23.195935,https://gz.lianjia.com/xiaoqu/2113854652509310/,,1,黄埔
豫章苑一期,21642,113.459293,23.117868,https://gz.lianjia.com/xiaoqu/2110343238336547/,近地铁5号线大沙东站,1,黄埔
文冲新村三期,17623,113.476186,23.111993,https://gz.lianjia.com/xiaoqu/2110343238336694/,近地铁5号线文冲站,1,黄埔
保利罗兰国际,28052,113.494489,23.179451,https://gz.lianjia.com/xiaoqu/2120021476088876/,近地铁6号线萝岗站,1,黄埔
沙浦远洋宿舍,18613,113.494974,23.097126,https://gz.lianjia.com/xiaoqu/2110113551707331/,,1,黄埔
青年路,10256,113.536404,23.071228,https://gz.lianjia.com/xiaoqu/2110112976302035/,,1,黄埔
港湾五村5栋,23556,113.454361,23.109104,https://gz.lianjia.com/xiaoqu/2110343238337111/,近地铁5号线大沙地站,1,黄埔
保利林语山庄7区,31383,113.460919,23.187706,https://gz.lianjia.com/xiaoqu/2116860708898909/,近地铁6号线金峰站,1,黄埔
夏园大厦,11159,113.522337,23.088283,https://gz.lianjia.com/xiaoqu/2110048519024475/,,1,黄埔
鹤林苑3栋,18787,113.449376,23.113356,https://gz.lianjia.com/xiaoqu/2110343238337154/,近地铁5号线大沙地站,1,黄埔
金碧领秀国际鸿府二街,30448,113.467333,23.103804,https://gz.lianjia.com/xiaoqu/2110343238861245/,,1,黄埔
万科黄埔仓,13718,113.47595,23.101822,https://gz.lianjia.com/xiaoqu/2114239671529540/,近地铁5号线文冲站,1,黄埔
海校航专宿舍红山三路,17619,113.483013,23.104381,https://gz.lianjia.com/xiaoqu/2110343238861254/,,1,黄埔
四海生活区,9128,113.542171,23.101522,https://gz.lianjia.com/xiaoqu/2110955363462206/,,1,黄埔
宏康花园四期康慧苑,15709,113.553773,23.113435,https://gz.lianjia.com/xiaoqu/2111130256765652/,,1,黄埔
龙光香悦山,29895,113.456823,23.193685,https://gz.lianjia.com/xiaoqu/2111567771430667/,,1,黄埔
萝岗奥园广场,12786,113.502362,23.179858,https://gz.lianjia.com/xiaoqu/2113689981513813/,近地铁6号线香雪站,1,黄埔
金碧领秀国际鸿府一街,30448,113.46778,23.104304,https://gz.lianjia.com/xiaoqu/2110343238861244/,,1,黄埔
金碧领秀国际鸿府中街,30448,113.467371,23.103725,https://gz.lianjia.com/xiaoqu/2110343238860818/,,1,黄埔
港湾路港湾东一街,20619,113.454488,23.109434,https://gz.lianjia.com/xiaoqu/2110343239123358/,近地铁5号线大沙地站,1,黄埔
珠江嘉园,16171,113.563533,23.20272,https://gz.lianjia.com/xiaoqu/2113328474713660/,,1,黄埔
保税广场,12338,113.538488,23.071427,https://gz.lianjia.com/xiaoqu/2110021439025104/,,1,黄埔
天虹花园A3栋,20726,113.437451,23.115038,https://gz.lianjia.com/xiaoqu/2110343238337021/,近地铁5号线鱼珠站,1,黄埔
皇冠国际公寓,15873,113.522534,23.068127,https://gz.lianjia.com/xiaoqu/2110045110104603/,,1,黄埔
港湾路港湾西一街,16058,113.45058,23.111873,https://gz.lianjia.com/xiaoqu/2110343239123355/,近地铁5号线大沙地站,1,黄埔
普晖村,10251,113.533502,23.060554,https://gz.lianjia.com/xiaoqu/2110025247190429/,,1,黄埔
港前路,12371,113.456706,23.099694,https://gz.lianjia.com/xiaoqu/219231709778726/,,1,黄埔
港湾路港湾东五街,24062,113.453625,23.110659,https://gz.lianjia.com/xiaoqu/2110343239123359/,近地铁5号线大沙地站,1,黄埔
南屏苑,11410,113.538865,23.094674,https://gz.lianjia.com/xiaoqu/219074456407157/,,1,黄埔
港湾五村4栋,23798,113.454257,23.109259,https://gz.lianjia.com/xiaoqu/2110343238337128/,近地铁5号线大沙地站,1,黄埔
黄船生活区黄船二街,14790,113.421601,23.081451,https://gz.lianjia.com/xiaoqu/2110343239123325/,,1,黄埔
港湾路港湾西三街,20243,113.452044,23.113098,https://gz.lianjia.com/xiaoqu/2110343239123357/,近地铁5号线大沙地站,1,黄埔
利丰大厦,12720,113.532595,23.07215,https://gz.lianjia.com/xiaoqu/2110050373168276/,,1,黄埔
大沙地西路5号大院,19214,113.442693,23.10788,https://gz.lianjia.com/xiaoqu/2111158540005955/,近地铁5号线大沙地站,1,黄埔
宏康花园二期康晖苑,13039,113.553669,23.113605,https://gz.lianjia.com/xiaoqu/2111267596366374/,,1,黄埔
东城雅苑,13039,113.550894,23.112384,https://gz.lianjia.com/xiaoqu/2110021802094696/,,1,黄埔
港湾五村6栋,23556,113.454465,23.108917,https://gz.lianjia.com/xiaoqu/2110343238337087/,近地铁5号线大沙地站,1,黄埔
宝夏花园,21206,113.519929,23.086571,https://gz.lianjia.com/xiaoqu/2111611560489457/,,1,黄埔
港湾路港湾西四街,13371,113.452071,23.111723,https://gz.lianjia.com/xiaoqu/2110343239123356/,近地铁5号线大沙地站,1,黄埔
丰乐中路,17898,113.461492,23.108952,https://gz.lianjia.com/xiaoqu/2114081948922349/,近地铁5号线大沙东站,1,黄埔
港湾五村3栋,23556,113.454955,23.109125,https://gz.lianjia.com/xiaoqu/2110343238337156/,近地铁5号线大沙地站,1,黄埔
煤气公司宿舍荔香二街,16934,113.452483,23.103781,https://gz.lianjia.com/xiaoqu/2110343238599607/,近地铁5号线大沙地站,1,黄埔
大壮国际广场,19837,113.475508,23.170281,https://gz.lianjia.com/xiaoqu/2113308735532311/,,1,黄埔
广州绿地城,10928,113.557678,23.328215,https://gz.lianjia.com/xiaoqu/2113644933115698/,,1,黄埔
御湖名邸,22352,113.517707,23.253783,https://gz.lianjia.com/xiaoqu/2111793713868050/,,1,黄埔
港湾五村1栋,23556,113.454755,23.109457,https://gz.lianjia.com/xiaoqu/2110343238337240/,近地铁5号线大沙地站,1,黄埔
中海誉城中海原山别墅,44279,113.534877,23.168321,https://gz.lianjia.com/xiaoqu/2111266143039479/,,1,黄埔
飞晟文汇广场,19338,113.510883,23.177042,https://gz.lianjia.com/xiaoqu/2117881603780102/,近地铁6号线香雪站,1,黄埔
君合雅居,14062,113.541587,23.07139,https://gz.lianjia.com/xiaoqu/2110179895373213/,,1,黄埔
黄船生活区黄船一街,14790,113.422701,23.081742,https://gz.lianjia.com/xiaoqu/2110343239123323/,,1,黄埔
文苑花园A1栋,20675,113.471278,23.103905,https://gz.lianjia.com/xiaoqu/2110343238337031/,近地铁5号线文冲站,1,黄埔
万科里享家,29971,113.574459,23.201991,https://gz.lianjia.com/xiaoqu/2113331705114243/,,1,黄埔
金碧小区,9147,113.52646,23.054615,https://gz.lianjia.com/xiaoqu/2110840967228930/,,1,黄埔
萝岗明珠广场,9361,113.53286,23.069773,https://gz.lianjia.com/xiaoqu/2110111109575655/,,1,黄埔
美悦湾,9512,113.521196,23.067113,https://gz.lianjia.com/xiaoqu/2113349333249655/,,1,黄埔
普晖村十一街,10195,113.532654,23.061706,https://gz.lianjia.com/xiaoqu/2111130552987997/,,1,黄埔
绿苑楼,11250,113.535982,23.061988,https://gz.lianjia.com/xiaoqu/2111266953589624/,,1,黄埔
凯信东方华庭,12986,113.551963,23.110946,https://gz.lianjia.com/xiaoqu/2110049963437179/,,1,黄埔
明汇轩,13482,113.532213,23.06484,https://gz.lianjia.com/xiaoqu/2111266488283891/,,1,黄埔
港湾五村2栋,23556,113.454877,23.109292,https://gz.lianjia.com/xiaoqu/2110343238337198/,近地铁5号线大沙地站,1,黄埔
志诚大道,7842,113.529954,23.068111,https://gz.lianjia.com/xiaoqu/2110026084479393/,,1,黄埔
红山花园,9685,113.482636,23.100301,https://gz.lianjia.com/xiaoqu/2111132579361265/,,1,黄埔
腾飞园中新里,10156,113.551559,23.336287,https://gz.lianjia.com/xiaoqu/2114126684319446/,,1,黄埔
锐丰中心,11398,113.508018,23.180036,https://gz.lianjia.com/xiaoqu/2113334256300573/,近地铁6号线香雪站,1,黄埔
萝岗金晖苑,11520,113.534086,23.061128,https://gz.lianjia.com/xiaoqu/2110115561827982/,,1,黄埔
黄船生活区黄船四街,14790,113.424394,23.081576,https://gz.lianjia.com/xiaoqu/2110343239123324/,,1,黄埔
黄船生活区黄船五街,14790,113.424763,23.080429,https://gz.lianjia.com/xiaoqu/2111272652337029/,,1,黄埔
蟹山路,15704,113.445064,23.1035,https://gz.lianjia.com/xiaoqu/2110049352642857/,近地铁5号线鱼珠站,1,黄埔
文冲新村一期,17623,113.470899,23.107001,https://gz.lianjia.com/xiaoqu/2110343239123117/,,1,黄埔
鹤林苑5栋,18787,113.449848,23.113248,https://gz.lianjia.com/xiaoqu/2111273672600906/,,1,黄埔
华燊大厦,11576,113.542333,23.071037,https://gz.lianjia.com/xiaoqu/2110044830920611/,,1,黄埔
南岗教师新村,13107,113.550514,23.099265,https://gz.lianjia.com/xiaoqu/2112700723721103/,,1,黄埔
东澳广场,14118,113.549007,23.117236,https://gz.lianjia.com/xiaoqu/219097834933826/,,1,黄埔
雍翠雅园,16798,113.534257,23.063131,https://gz.lianjia.com/xiaoqu/2111273810227655/,,1,黄埔
海员路168号大院,17129,113.453028,23.101572,https://gz.lianjia.com/xiaoqu/2111612073503774/,,1,黄埔
建鑫苑,18096,113.551891,23.112796,https://gz.lianjia.com/xiaoqu/2114965870703351/,,1,黄埔
文苑花园B2栋,20675,113.471915,23.103343,https://gz.lianjia.com/xiaoqu/2110343238336983/,近地铁5号线文冲站,1,黄埔
文苑花园B1栋,20675,113.472059,23.103497,https://gz.lianjia.com/xiaoqu/2110343238336984/,,1,黄埔
文苑花园A2栋,20675,113.47161,23.103534,https://gz.lianjia.com/xiaoqu/2110343238337025/,近地铁5号线文冲站,1,黄埔
天虹花园5栋,22848,113.437339,23.115333,https://gz.lianjia.com/xiaoqu/2111161521892990/,,1,黄埔
天虹花园天虹街,23045,113.437463,23.115076,https://gz.lianjia.com/xiaoqu/2110343238598995/,,1,黄埔
港湾五村港湾东四街,23556,113.45495,23.109832,https://gz.lianjia.com/xiaoqu/2110343238861512/,近地铁5号线大沙地站,1,黄埔
宏康花园三期建鑫苑,13337,113.553077,23.113385,https://gz.lianjia.com/xiaoqu/2111267709612495/,,1,黄埔
金洲北路,7227,113.429029,23.079614,https://gz.lianjia.com/xiaoqu/2111267545247127/,,1,黄埔
志诚大道金友街,7467,113.522467,23.067712,https://gz.lianjia.com/xiaoqu/2111251092566227/,,1,黄埔
鸿中楼,11462,113.539579,23.072537,https://gz.lianjia.com/xiaoqu/2111267844877551/,,1,黄埔
红梅苑,13543,113.435259,23.089185,https://gz.lianjia.com/xiaoqu/2110024630628616/,,1,黄埔
梅园小区一区,14587,113.436535,23.08611,https://gz.lianjia.com/xiaoqu/2110343238861324/,,1,黄埔
双沙友联大厦,14827,113.48521,23.099752,https://gz.lianjia.com/xiaoqu/2111288389889668/,,1,黄埔
石化路,15861,113.474421,23.106924,https://gz.lianjia.com/xiaoqu/2110045110104431/,近地铁5号线文冲站,1,黄埔
边检站生活区,17207,113.491469,23.103365,https://gz.lianjia.com/xiaoqu/2114936628563280/,,1,黄埔
文苑花园B3栋,20675,113.471771,23.103198,https://gz.lianjia.com/xiaoqu/2110343238336980/,近地铁5号线文冲站,1,黄埔
文苑花园A3栋,20675,113.471012,23.10361,https://gz.lianjia.com/xiaoqu/2110343238337020/,近地铁5号线文冲站,1,黄埔
港湾一村22栋,23556,113.454339,23.106805,https://gz.lianjia.com/xiaoqu/2110343238337212/,近地铁5号线大沙地站,1,黄埔
万科里享水韵,29971,113.572965,23.198436,https://gz.lianjia.com/xiaoqu/2113328474713380/,,1,黄埔
青年路东园一街,8892,113.53317,23.070779,https://gz.lianjia.com/xiaoqu/2111267341036777/,,1,黄埔
丽江花苑,7815,113.522386,23.067379,https://gz.lianjia.com/xiaoqu/2111266642162653/,,1,黄埔
开发大道,9183,113.530799,23.084917,https://gz.lianjia.com/xiaoqu/2110049895018604/,,1,黄埔
青年路东园二街,10028,113.533615,23.070712,https://gz.lianjia.com/xiaoqu/2111267171167857/,,1,黄埔
茅岗新村井头大街,10246,113.446461,23.117324,https://gz.lianjia.com/xiaoqu/2111062001021015/,,1,黄埔
茅岗新村井头前街,10246,113.447669,23.117378,https://gz.lianjia.com/xiaoqu/2111112850928516/,,1,黄埔
茅岗新村,10246,113.450786,23.116775,https://gz.lianjia.com/xiaoqu/2110112966340872/,近地铁5号线大沙地站,1,黄埔
青年路东兴楼,10402,113.538609,23.070629,https://gz.lianjia.com/xiaoqu/2111267915657631/,,1,黄埔
普晖村一街,11076,113.532968,23.058489,https://gz.lianjia.com/xiaoqu/2111160934953799/,,1,黄埔
宝穗花园,11382,113.541178,23.071153,https://gz.lianjia.com/xiaoqu/2111251092566111/,,1,黄埔
普晖村五街,11726,113.532447,23.060031,https://gz.lianjia.com/xiaoqu/2111272652337120/,,1,黄埔
省机施大院1栋,12125,113.482029,23.11106,https://gz.lianjia.com/xiaoqu/2110343238337238/,近地铁5号线文冲站,1,黄埔
普晖村创业路,12508,113.533314,23.059715,https://gz.lianjia.com/xiaoqu/2110955101057538/,,1,黄埔
宏康花园六期明悦居,13337,113.552731,23.11454,https://gz.lianjia.com/xiaoqu/2111611734291214/,,1,黄埔
港湾西三街71号大院,13371,113.449628,23.109085,https://gz.lianjia.com/xiaoqu/2111132320624554/,近地铁5号线大沙地站,1,黄埔
港湾西三街148号大院,13371,113.449358,23.109633,https://gz.lianjia.com/xiaoqu/2110022423113598/,近地铁5号线大沙地站,1,黄埔
港湾路西四街168号大院,13371,113.451734,23.113281,https://gz.lianjia.com/xiaoqu/2110049548464685/,近地铁5号线大沙地站,1,黄埔
港湾西三街71号大院,13371,113.449628,23.109085,https://gz.lianjia.com/xiaoqu/2111132320624554/,近地铁5号线大沙地站,1,黄埔
省工人医院小区,13692,113.42077,23.074922,https://gz.lianjia.com/xiaoqu/2111267596366099/,,1,黄埔
鸿森大厦,13901,113.54209,23.097359,https://gz.lianjia.com/xiaoqu/2110112976302025/,,1,黄埔
梅园小区二区,14587,113.434959,23.088246,https://gz.lianjia.com/xiaoqu/2110343238861384/,,1,黄埔
中山大道东,15842,113.445792,23.106417,https://gz.lianjia.com/xiaoqu/219981396005431/,,1,黄埔
广新路,16132,113.467432,23.11085,https://gz.lianjia.com/xiaoqu/2110050292954043/,近地铁5号线大沙东站,1,黄埔
文苑花园A6栋,20675,113.471089,23.103281,https://gz.lianjia.com/xiaoqu/2110343238337017/,近地铁5号线文冲站,1,黄埔
文苑花园A8栋,20675,113.471268,23.102994,https://gz.lianjia.com/xiaoqu/2110343238861052/,近地铁5号线文冲站,1,黄埔
港湾一村16栋,21634,113.452982,23.10614,https://gz.lianjia.com/xiaoqu/2110343238337264/,近地铁5号线大沙地站,1,黄埔
港湾一村56栋,21634,113.449897,23.106182,https://gz.lianjia.com/xiaoqu/2110343238861509/,近地铁5号线大沙地站,1,黄埔
港湾一村36栋,23556,113.452583,23.106244,https://gz.lianjia.com/xiaoqu/2110343238337166/,近地铁5号线大沙地站,1,黄埔
港湾一村44栋,21634,113.451963,23.106149,https://gz.lianjia.com/xiaoqu/2110343238337135/,,1,黄埔
创氏大厦,8717,113.540401,23.07112,https://gz.lianjia.com/xiaoqu/2111272652336821/,,1,黄埔
茅岗新村井头前直街,10246,113.447602,23.117407,https://gz.lianjia.com/xiaoqu/2111112996680162/,,1,黄埔
南燕楼,10316,113.536934,23.070172,https://gz.lianjia.com/xiaoqu/2111266642162268/,,1,黄埔
壹品EPark,10945,113.513376,23.165335,https://gz.lianjia.com/xiaoqu/2114167220170383/,,1,黄埔
东盛楼,11483,113.538095,23.070179,https://gz.lianjia.com/xiaoqu/2118061060485301/,,1,黄埔
普晖村普晖大街,12223,113.533646,23.061631,https://gz.lianjia.com/xiaoqu/2111132306207081/,,1,黄埔
普晖村九街,12412,113.532442,23.061095,https://gz.lianjia.com/xiaoqu/2111266953589194/,,1,黄埔
鸿运大厦,12792,113.539906,23.072267,https://gz.lianjia.com/xiaoqu/219725873500216/,,1,黄埔
宏康花园宏康和园,13337,113.55345,23.115338,https://gz.lianjia.com/xiaoqu/2118063245740551/,,1,黄埔
东鸿楼,16189,113.534356,23.071095,https://gz.lianjia.com/xiaoqu/2111289281704335/,,1,黄埔
黄埔大道东908号大院,18518,113.438282,23.103297,https://gz.lianjia.com/xiaoqu/219687496666919/,近地铁5号线鱼珠站,1,黄埔
茅岗路605号大院,18573,113.443106,23.120635,https://gz.lianjia.com/xiaoqu/2110314844745529/,,1,黄埔
港湾一村7栋,21634,113.450733,23.107333,https://gz.lianjia.com/xiaoqu/2110343238337067/,,1,黄埔
港湾一村5栋,21634,113.452434,23.108679,https://gz.lianjia.com/xiaoqu/2110343238337108/,近地铁5号线大沙地站,1,黄埔
港湾一村58栋,21634,113.453611,23.107573,https://gz.lianjia.com/xiaoqu/2110343238337118/,近地铁5号线大沙地站,1,黄埔
港湾一村42栋,21634,113.452106,23.106132,https://gz.lianjia.com/xiaoqu/2110343238337137/,近地铁5号线大沙地站,1,黄埔
港湾一村39栋,21634,113.452151,23.106838,https://gz.lianjia.com/xiaoqu/2110343238337163/,近地铁5号线大沙地站,1,黄埔
港湾一村35栋,21634,113.452623,23.106469,https://gz.lianjia.com/xiaoqu/2110343238337167/,近地铁5号线大沙地站,1,黄埔
港湾一村34栋,21634,113.452614,23.106614,https://gz.lianjia.com/xiaoqu/2110343238337168/,近地铁5号线大沙地站,1,黄埔
港湾一村33栋,21634,113.452681,23.106763,https://gz.lianjia.com/xiaoqu/2110343238337170/,近地铁5号线大沙地站,1,黄埔
港湾一村17栋,21634,113.453337,23.107936,https://gz.lianjia.com/xiaoqu/2110343238337257/,近地铁5号线大沙地站,1,黄埔
港湾一村16巷,21634,113.450293,23.106876,https://gz.lianjia.com/xiaoqu/2110343238337261/,近地铁5号线大沙地站,1,黄埔
港湾一村15栋,21634,113.453018,23.106323,https://gz.lianjia.com/xiaoqu/2110343238337271/,近地铁5号线大沙地站,1,黄埔
港湾一村48栋,21634,113.451159,23.106115,https://gz.lianjia.com/xiaoqu/2110343238861503/,近地铁5号线大沙地站,1,黄埔
港湾一村46栋,21634,113.451267,23.106112,https://gz.lianjia.com/xiaoqu/2110343238861504/,近地铁5号线大沙地站,1,黄埔
港湾一村51栋,21634,113.450817,23.106922,https://gz.lianjia.com/xiaoqu/2110343238861505/,近地铁5号线大沙地站,1,黄埔
港湾一村49栋,21634,113.450791,23.106752,https://gz.lianjia.com/xiaoqu/2110343238861506/,近地铁5号线大沙地站,1,黄埔
港湾一村59栋,21634,113.453539,23.107781,https://gz.lianjia.com/xiaoqu/2110343238861508/,近地铁5号线大沙地站,1,黄埔
港湾一村15巷,21634,113.450427,23.106709,https://gz.lianjia.com/xiaoqu/2110343238861510/,近地铁5号线大沙地站,1,黄埔
港湾一村14巷,21634,113.450409,23.106166,https://gz.lianjia.com/xiaoqu/2110343238861511/,近地铁5号线大沙地站,1,黄埔
黄埔东路新溪直街,21841,113.465788,23.106804,https://gz.lianjia.com/xiaoqu/2111273560666240/,,1,黄埔
港湾一村31栋,23556,113.453027,23.106165,https://gz.lianjia.com/xiaoqu/2110343238337172/,近地铁5号线大沙地站,1,黄埔
港湾一村28栋,23556,113.453912,23.106303,https://gz.lianjia.com/xiaoqu/2110343238337206/,近地铁5号线大沙地站,1,黄埔
港湾一村27栋,23556,113.453948,23.106519,https://gz.lianjia.com/xiaoqu/2110343238337207/,近地铁5号线大沙地站,1,黄埔
港湾一村26栋,23556,113.453998,23.106681,https://gz.lianjia.com/xiaoqu/2110343238337208/,近地铁5号线大沙地站,1,黄埔
港湾一村25栋,23556,113.454172,23.106406,https://gz.lianjia.com/xiaoqu/2110343238337210/,近地铁5号线大沙地站,1,黄埔
港湾一村23栋,23556,113.454249,23.10666,https://gz.lianjia.com/xiaoqu/2110343238337211/,近地铁5号线大沙地站,1,黄埔
港湾一村21栋,23556,113.453153,23.107083,https://gz.lianjia.com/xiaoqu/2110343238337216/,近地铁5号线大沙地站,1,黄埔
港湾一村20栋,23556,113.453131,23.107325,https://gz.lianjia.com/xiaoqu/2110343238337219/,近地铁5号线大沙地站,1,黄埔
港湾一村19栋,23556,113.453324,23.107574,https://gz.lianjia.com/xiaoqu/2110343238337247/,近地铁5号线大沙地站,1,黄埔
港湾一村18栋,23556,113.453337,23.107752,https://gz.lianjia.com/xiaoqu/2110343238337252/,近地铁5号线大沙地站,1,黄埔
港湾一村24栋,23556,113.454172,23.10654,https://gz.lianjia.com/xiaoqu/2110343238861502/,近地铁5号线大沙地站,1,黄埔
港湾一村47栋,23556,113.451361,23.106684,https://gz.lianjia.com/xiaoqu/2110343238861507/,近地铁5号线大沙地站,1,黄埔
沁园,25664,113.517235,23.163971,https://gz.lianjia.com/xiaoqu/2113333190683662/,,1,黄埔
金碧世纪花园,暂无,113.435542,23.120228,https://gz.lianjia.com/xiaoqu/2111103317968/,,1,黄埔
万科城市花园,暂无,113.475207,23.111503,https://gz.lianjia.com/xiaoqu/2111103319400/,近地铁5号线文冲站,1,黄埔
黄埔花园,暂无,113.462888,23.104905,https://gz.lianjia.com/xiaoqu/2111103316550/,近地铁5号线大沙东站,1,黄埔
金碧领秀国际,暂无,113.467324,23.103322,https://gz.lianjia.com/xiaoqu/2111103318387/,近地铁5号线大沙东站,1,黄埔
万科金色悦府,暂无,113.470538,23.114232,https://gz.lianjia.com/xiaoqu/2111103318536/,近地铁5号线大沙东站,1,黄埔
丰逸尚居,暂无,113.474691,23.104665,https://gz.lianjia.com/xiaoqu/2111103319238/,近地铁5号线文冲站,1,黄埔
天虹花园,暂无,113.437455,23.114826,https://gz.lianjia.com/xiaoqu/2111103317660/,近地铁5号线鱼珠站,1,黄埔
怡园小区,暂无,113.458036,23.107971,https://gz.lianjia.com/xiaoqu/2111103316827/,近地铁5号线大沙地站,1,黄埔
金逸雅居,暂无,113.463841,23.100712,https://gz.lianjia.com/xiaoqu/2111103316814/,,1,黄埔
石化生活区,暂无,113.476914,23.110019,https://gz.lianjia.com/xiaoqu/2111103316393/,近地铁5号线文冲站,1,黄埔
金丽园,暂无,113.465032,23.10727,https://gz.lianjia.com/xiaoqu/2111103316515/,近地铁5号线大沙东站,1,黄埔
悦涛雅苑,暂无,113.462895,23.099771,https://gz.lianjia.com/xiaoqu/2111103316582/,,1,黄埔
泰景花园,暂无,113.46076,23.115948,https://gz.lianjia.com/xiaoqu/2111103317341/,近地铁5号线大沙东站,1,黄埔
东港花园,暂无,113.480354,23.101427,https://gz.lianjia.com/xiaoqu/2111103318150/,,1,黄埔
乙烯大院,暂无,113.462482,23.116638,https://gz.lianjia.com/xiaoqu/2111103317719/,近地铁5号线大沙东站,1,黄埔
乐苑小区,暂无,113.462934,23.113852,https://gz.lianjia.com/xiaoqu/2111103317134/,近地铁5号线大沙东站,1,黄埔
金港花园,暂无,113.452903,23.103204,https://gz.lianjia.com/xiaoqu/2111103316645/,近地铁5号线大沙地站,1,黄埔
丰乐小区,暂无,113.460531,23.110126,https://gz.lianjia.com/xiaoqu/2111103316448/,近地铁5号线大沙东站,1,黄埔
荔香花园,暂无,113.45077,23.102132,https://gz.lianjia.com/xiaoqu/2111103317242/,近地铁5号线大沙地站,1,黄埔
海关大院,暂无,113.46885,23.104374,https://gz.lianjia.com/xiaoqu/2111103316950/,,1,黄埔
新世纪花园,暂无,113.469243,23.105079,https://gz.lianjia.com/xiaoqu/2111103316379/,近地铁5号线大沙东站,1,黄埔
金隆园,暂无,113.461404,23.107967,https://gz.lianjia.com/xiaoqu/2111103317060/,近地铁5号线大沙东站,1,黄埔
富域尚品居,暂无,113.548064,23.102781,https://gz.lianjia.com/xiaoqu/2111103831816/,,1,黄埔
荔景园,暂无,113.453464,23.10475,https://gz.lianjia.com/xiaoqu/2111103316610/,近地铁5号线大沙地站,1,黄埔
墩美小区,暂无,113.531643,23.083226,https://gz.lianjia.com/xiaoqu/2111103831554/,,1,黄埔
骏鸿花园,暂无,113.466311,23.10336,https://gz.lianjia.com/xiaoqu/2111103316551/,近地铁5号线大沙东站,1,黄埔
榕景园,暂无,113.470318,23.103709,https://gz.lianjia.com/xiaoqu/2111103316644/,近地铁5号线文冲站,1,黄埔
锦田花园,暂无,113.4418,23.110811,https://gz.lianjia.com/xiaoqu/2111103318889/,近地铁5号线鱼珠站,1,黄埔
新景楼,暂无,113.464632,23.111407,https://gz.lianjia.com/xiaoqu/2111103318810/,近地铁5号线大沙东站,1,黄埔
红山派出所宿舍,暂无,113.475584,23.104979,https://gz.lianjia.com/xiaoqu/2111103317447/,近地铁5号线文冲站,1,黄埔
火电厂宿舍,暂无,113.504424,23.090768,https://gz.lianjia.com/xiaoqu/2111103319109/,,1,黄埔
大沙地东路,暂无,113.481482,23.108603,https://gz.lianjia.com/xiaoqu/2111103831623/,近地铁5号线大沙地站,1,黄埔
三村远洋宿舍,暂无,113.449381,23.110787,https://gz.lianjia.com/xiaoqu/2111103317135/,近地铁5号线大沙地站,1,黄埔
东城国际大厦,暂无,113.45539,23.106625,https://gz.lianjia.com/xiaoqu/2111103831801/,近地铁5号线大沙地站,1,黄埔
文冲商贸大厦,暂无,113.475033,23.109982,https://gz.lianjia.com/xiaoqu/2111103318076/,近地铁5号线文冲站,1,黄埔
省电力一局,暂无,113.536161,23.099299,https://gz.lianjia.com/xiaoqu/2111103831805/,,1,黄埔
鱼木小区,暂无,113.436265,23.105182,https://gz.lianjia.com/xiaoqu/2111103319326/,近地铁5号线鱼珠站,1,黄埔
港湾路,暂无,113.453886,23.108652,https://gz.lianjia.com/xiaoqu/2111103831702/,近地铁5号线大沙地站,1,黄埔
信达大厦,暂无,113.460767,23.110398,https://gz.lianjia.com/xiaoqu/2111103318615/,近地铁5号线大沙东站,1,黄埔
港湾一村,暂无,113.451357,23.10708,https://gz.lianjia.com/xiaoqu/2111103317180/,近地铁5号线大沙地站,1,黄埔
盛景大厦,暂无,113.455871,23.111175,https://gz.lianjia.com/xiaoqu/2111103317464/,近地铁5号线大沙地站,1,黄埔
大沙地西路,暂无,113.452956,23.109193,https://gz.lianjia.com/xiaoqu/2111103831800/,近地铁5号线大沙地站,1,黄埔
祥辉苑,暂无,113.459113,23.112879,https://gz.lianjia.com/xiaoqu/2111103317499/,近地铁5号线大沙东站,1,黄埔
三角楼,暂无,113.457621,23.112291,https://gz.lianjia.com/xiaoqu/2111103319200/,近地铁5号线大沙地站,1,黄埔
骏鸿苑,暂无,113.463411,23.113364,https://gz.lianjia.com/xiaoqu/2111103316795/,近地铁5号线大沙东站,1,黄埔
万科山景城,暂无,113.531158,23.217363,https://gz.lianjia.com/xiaoqu/2113304593395172/,,1,黄埔
大田花园,暂无,113.465532,23.113943,https://gz.lianjia.com/xiaoqu/2111103318664/,近地铁5号线大沙东站,1,黄埔
港湾四村,暂无,113.448082,23.1058,https://gz.lianjia.com/xiaoqu/2111103317215/,近地铁5号线大沙地站,1,黄埔
实地常春藤,暂无,113.565149,23.216855,https://gz.lianjia.com/xiaoqu/2113827105392819/,,1,黄埔
时代春树里,暂无,113.514225,23.165812,https://gz.lianjia.com/xiaoqu/2110157066825437/,,1,黄埔
珠冶小区,暂无,113.459182,23.132917,https://gz.lianjia.com/xiaoqu/2111103317401/,,1,黄埔
冶炼厂宿舍,暂无,113.500238,23.094192,https://gz.lianjia.com/xiaoqu/2111103319418/,,1,黄埔
万科尚城,暂无,113.540233,23.096403,https://gz.lianjia.com/xiaoqu/2117634965860001/,,1,黄埔
港湾三村,暂无,113.450975,23.110628,https://gz.lianjia.com/xiaoqu/2111103317821/,近地铁5号线大沙地站,1,黄埔
蟹山远洋宿舍,暂无,113.446743,23.105041,https://gz.lianjia.com/xiaoqu/2111103317620/,近地铁5号线大沙地站,1,黄埔
海员路,暂无,113.456167,23.100957,https://gz.lianjia.com/xiaoqu/2111103831764/,,1,黄埔
水韵翔庭,暂无,113.53039,23.060877,https://gz.lianjia.com/xiaoqu/2113327850024361/,,1,黄埔
机关村,暂无,113.459138,23.101397,https://gz.lianjia.com/xiaoqu/2111103318182/,,1,黄埔
菠萝庙船厂宿舍,暂无,113.503733,23.091791,https://gz.lianjia.com/xiaoqu/2111103318470/,,1,黄埔
煤场宿舍楼,暂无,113.439103,23.103708,https://gz.lianjia.com/xiaoqu/2111103318298/,近地铁5号线鱼珠站,1,黄埔
珍宝巴士楼,暂无,113.451716,23.105554,https://gz.lianjia.com/xiaoqu/2111103319115/,近地铁5号线大沙地站,1,黄埔
边检生活区,暂无,113.451368,23.101844,https://gz.lianjia.com/xiaoqu/2111103317234/,近地铁5号线大沙地站,1,黄埔
解放村,暂无,113.453993,23.100383,https://gz.lianjia.com/xiaoqu/2111103318945/,,1,黄埔
外运宿舍,暂无,113.45362,23.100225,https://gz.lianjia.com/xiaoqu/2111103318666/,,1,黄埔
兵站宿舍,暂无,113.444336,23.104663,https://gz.lianjia.com/xiaoqu/2111103318796/,近地铁5号线鱼珠站,1,黄埔
黄埔职业技校教师楼,暂无,113.506077,23.095032,https://gz.lianjia.com/xiaoqu/2111103831797/,,1,黄埔
时代天韵,暂无,113.549205,23.333626,https://gz.lianjia.com/xiaoqu/2113327812276997/,,1,黄埔
文冲十四社公寓,暂无,113.474378,23.109484,https://gz.lianjia.com/xiaoqu/2111103319425/,近地铁5号线文冲站,1,黄埔
海员路138号大院,暂无,113.453688,23.102013,https://gz.lianjia.com/xiaoqu/2111103831675/,,1,黄埔
沙浦东路,暂无,113.496349,23.097429,https://gz.lianjia.com/xiaoqu/2111103831810/,,1,黄埔
峰湖御境,暂无,113.438111,23.206648,https://gz.lianjia.com/xiaoqu/2113309297306715/,,1,黄埔
科城山庄峻森园,暂无,113.494489,23.193349,https://gz.lianjia.com/xiaoqu/2113333347185092/,,1,黄埔
金融街融穗御府,暂无,113.510266,23.221004,https://gz.lianjia.com/xiaoqu/2113825682190200/,,1,黄埔
越秀保利爱特城,暂无,113.553962,23.150965,https://gz.lianjia.com/xiaoqu/2113333787586729/,,1,黄埔
广州机床研究所宿舍,暂无,113.44592,23.123741,https://gz.lianjia.com/xiaoqu/2111103318052/,,1,黄埔
航道局宿舍,暂无,113.444215,23.101161,https://gz.lianjia.com/xiaoqu/2111103831669/,,1,黄埔
中泰天境,暂无,113.591003,23.280274,https://gz.lianjia.com/xiaoqu/2113328145985160/,,1,黄埔
中山大道东邮局宿舍,暂无,113.452781,23.105493,https://gz.lianjia.com/xiaoqu/2111103319017/,近地铁5号线大沙地站,1,黄埔
怡德苑,暂无,113.465513,23.114294,https://gz.lianjia.com/xiaoqu/2111103319423/,近地铁5号线大沙东站,1,黄埔
港前路35号大院,暂无,113.445657,23.101065,https://gz.lianjia.com/xiaoqu/2111103831681/,,1,黄埔
宏康花园一期,暂无,113.551518,23.115018,https://gz.lianjia.com/xiaoqu/2112967397829835/,,1,黄埔
中交港湾国际,暂无,113.456405,23.101905,https://gz.lianjia.com/xiaoqu/2113306038071784/,近地铁5号线大沙地站,1,黄埔
文冲新村,暂无,113.470899,23.107001,https://gz.lianjia.com/xiaoqu/2111103318175/,,1,黄埔
自来水公司,暂无,113.450515,23.10476,https://gz.lianjia.com/xiaoqu/2111103319275/,近地铁5号线大沙地站,1,黄埔
海虹路,暂无,113.435003,23.089073,https://gz.lianjia.com/xiaoqu/2111103831777/,,1,黄埔
港湾路55号大院,暂无,113.455853,23.101402,https://gz.lianjia.com/xiaoqu/2111158893113317/,,1,黄埔
青年路东园六街,暂无,113.536233,23.070014,https://gz.lianjia.com/xiaoqu/2111267915657292/,,1,黄埔
丽港大厦,暂无,113.454274,23.110526,https://gz.lianjia.com/xiaoqu/2111103317870/,近地铁5号线大沙地站,1,黄埔
港前路197号大院,暂无,113.449439,23.100509,https://gz.lianjia.com/xiaoqu/2111103831668/,,1,黄埔
亨元路亨元下街,暂无,113.545674,23.102644,https://gz.lianjia.com/xiaoqu/2110609353568423/,,1,黄埔
黄埔东路3013号大院,暂无,113.535662,23.092763,https://gz.lianjia.com/xiaoqu/2111772101407374/,,1,黄埔
汇丽国际,暂无,113.481217,23.18651,https://gz.lianjia.com/xiaoqu/2113329472958772/,近地铁6号线萝岗站,1,黄埔
港前路197号大院,暂无,113.449439,23.100509,https://gz.lianjia.com/xiaoqu/2111103831668/,,1,黄埔
梅园小区和平街,暂无,113.4361,23.086758,https://gz.lianjia.com/xiaoqu/2110343238861325/,,1,黄埔
大沙地东路新戽街,暂无,113.465954,23.111848,https://gz.lianjia.com/xiaoqu/2110343239123138/,近地铁5号线大沙东站,1,黄埔
贵豪公寓,暂无,113.466327,23.109567,https://gz.lianjia.com/xiaoqu/2111068325506667/,,1,黄埔
大沙地东路下沙村,暂无,113.457861,23.109982,https://gz.lianjia.com/xiaoqu/2111273672600900/,近地铁5号线大沙地站,1,黄埔
阀门厂宿舍,暂无,113.447207,23.108212,https://gz.lianjia.com/xiaoqu/2111566560850015/,近地铁5号线鱼珠站,1,黄埔
港湾路104号大院,暂无,113.456432,23.102631,https://gz.lianjia.com/xiaoqu/2111788969849030/,,1,黄埔
广州科学城,暂无,113.45365,23.179587,https://gz.lianjia.com/xiaoqu/2111789263187475/,,1,黄埔
凯得文化广场,暂无,113.492171,23.183919,https://gz.lianjia.com/xiaoqu/2113327773479569/,近地铁6号线萝岗站,1,黄埔
广江路,暂无,113.500066,23.09327,https://gz.lianjia.com/xiaoqu/2115683711938041/,,1,黄埔
区岗19号大院,暂无,113.444903,23.1198,https://gz.lianjia.com/xiaoqu/2116932806888323/,,1,黄埔
晟晖楼,暂无,113.449581,23.102053,https://gz.lianjia.com/xiaoqu/2111103317428/,近地铁5号线大沙地站,1,黄埔
中兴大厦,暂无,113.47755,23.10448,https://gz.lianjia.com/xiaoqu/2111103318014/,近地铁5号线文冲站,1,黄埔
锦绣山庄,暂无,113.451995,23.108928,https://gz.lianjia.com/xiaoqu/2111103318462/,近地铁5号线大沙地站,1,黄埔
铁路小区,暂无,113.443348,23.10451,https://gz.lianjia.com/xiaoqu/2111103318706/,近地铁5号线鱼珠站,1,黄埔
外运大院,暂无,113.469468,23.098675,https://gz.lianjia.com/xiaoqu/2111103318931/,,1,黄埔
黄埔卫检宿舍区,暂无,113.442846,23.1063,https://gz.lianjia.com/xiaoqu/2111103319212/,近地铁5号线大沙地站,1,黄埔
荔香路,暂无,113.450867,23.103205,https://gz.lianjia.com/xiaoqu/2111103831773/,,1,黄埔
荔香一街市政宿舍,暂无,113.451617,23.103621,https://gz.lianjia.com/xiaoqu/219954615112531/,近地铁5号线大沙地站,1,黄埔
和平街9号大院,暂无,113.436553,23.086904,https://gz.lianjia.com/xiaoqu/2110112493431997/,,1,黄埔
哈夫商务大楼,暂无,113.452871,23.101464,https://gz.lianjia.com/xiaoqu/2110140431691253/,,1,黄埔
天虹花园中山大道东路,暂无,113.437549,23.114655,https://gz.lianjia.com/xiaoqu/2110343238337381/,近地铁5号线鱼珠站,1,黄埔
梅园小区长洲路,暂无,113.437053,23.089027,https://gz.lianjia.com/xiaoqu/2110343238337400/,,1,黄埔
夏园西路,暂无,113.519069,23.072303,https://gz.lianjia.com/xiaoqu/2120024989152308/,,1,黄埔
大沙北路横沙后背山,暂无,113.461144,23.115059,https://gz.lianjia.com/xiaoqu/2110343239123338/,,1,黄埔
黄埔大道东鱼珠北街,暂无,113.437092,23.105445,https://gz.lianjia.com/xiaoqu/2111132582505894/,,1,黄埔
茅岗路企岭街,暂无,113.450373,23.117843,https://gz.lianjia.com/xiaoqu/2111273366678876/,,1,黄埔
魔方公寓,暂无,113.463785,23.173313,https://gz.lianjia.com/xiaoqu/2111273672601542/,,1,黄埔
八十七中学,暂无,113.534697,23.09371,https://gz.lianjia.com/xiaoqu/2111611520904698/,,1,黄埔
长江路268号大院,暂无,113.421167,23.075857,https://gz.lianjia.com/xiaoqu/2112966773927931/,,1,黄埔
科学城佳大公寓,暂无,113.453239,23.160131,https://gz.lianjia.com/xiaoqu/2113329763938852/,,1,黄埔
飞晟汇INFACE,暂无,113.508984,23.175889,https://gz.lianjia.com/xiaoqu/2113334342807527/,近地铁6号线香雪站,1,黄埔
茅岗路坑头二甲园新村,暂无,113.448774,23.114457,https://gz.lianjia.com/xiaoqu/2116205998206046/,近地铁5号线大沙地站,1,黄埔
大沙地东路新溪村,暂无,113.463774,23.110902,https://gz.lianjia.com/xiaoqu/2116799629324402/,,1,黄埔
海员路128号大院,暂无,113.45337,23.101539,https://gz.lianjia.com/xiaoqu/2120020402151234/,,1,黄埔
文园机电宿舍,暂无,113.476482,23.103255,https://gz.lianjia.com/xiaoqu/2111103318415/,近地铁5号线文冲站,1,黄埔
海事局宿舍,暂无,113.450865,23.100829,https://gz.lianjia.com/xiaoqu/2111103318682/,,1,黄埔
紫东大厦,暂无,113.488847,23.10013,https://gz.lianjia.com/xiaoqu/2111103318709/,,1,黄埔
石化中学教师楼,暂无,113.481938,23.109099,https://gz.lianjia.com/xiaoqu/2111103318740/,近地铁5号线文冲站,1,黄埔
康达楼,暂无,113.474326,23.105495,https://gz.lianjia.com/xiaoqu/2111103318895/,近地铁5号线文冲站,1,黄埔
大沙地西路273号大院,暂无,113.452637,23.109251,https://gz.lianjia.com/xiaoqu/2111103831533/,近地铁5号线大沙地站,1,黄埔
省机施大院3栋,暂无,113.481944,23.11086,https://gz.lianjia.com/xiaoqu/2110343238337159/,近地铁5号线文冲站,1,黄埔
省机施大院2栋,暂无,113.482191,23.11145,https://gz.lianjia.com/xiaoqu/2110343238337196/,近地铁5号线文冲站,1,黄埔
