天马河国际公馆蓝色天马河,15402,113.19052,23.37599,https://gz.lianjia.com/xiaoqu/2110343238598988/,,1,花都
自由人花园,18857,113.231043,23.349918,https://gz.lianjia.com/xiaoqu/2110184807164932/,,1,花都
中国美林湖贝沙湾,7787,113.043432,23.450164,https://gz.lianjia.com/xiaoqu/2111769530823262/,,1,花都
富丽花园,9600,113.199719,23.387339,https://gz.lianjia.com/xiaoqu/219160875061096/,,1,花都
祈福都会花园,14314,113.271014,23.438717,https://gz.lianjia.com/xiaoqu/2111791850550068/,,1,花都
云峰花园四期,23016,113.251147,23.385307,https://gz.lianjia.com/xiaoqu/2110343239123189/,,1,花都
风神公社,13236,113.163122,23.385481,https://gz.lianjia.com/xiaoqu/219159799483927/,,1,花都
嘉信华庭,13124,113.202558,23.385058,https://gz.lianjia.com/xiaoqu/219099549879500/,,1,花都
怡雅花园,13824,113.225896,23.37745,https://gz.lianjia.com/xiaoqu/219228917944945/,,1,花都
雅图花园,7824,113.228052,23.362011,https://gz.lianjia.com/xiaoqu/219227962429032/,,1,花都
豪逸名苑,15970,113.200716,23.384519,https://gz.lianjia.com/xiaoqu/219680087166209/,,1,花都
俊怡云山御居,18725,113.201201,23.382823,https://gz.lianjia.com/xiaoqu/2110316826554272/,,1,花都
祈福万景峰祈福天龙苑,19281,113.196952,23.377155,https://gz.lianjia.com/xiaoqu/2110002450100718/,,1,花都
碧桂园假日半岛映翠苑,7920,113.073597,23.488665,https://gz.lianjia.com/xiaoqu/2110343238337514/,,1,花都
嘉逸华庭,15782,113.201812,23.386244,https://gz.lianjia.com/xiaoqu/219680366087361/,,1,花都
花都颐和山庄,10153,113.282255,23.518491,https://gz.lianjia.com/xiaoqu/219982525845801/,,1,花都
碧桂园空港国际,11288,113.314118,23.441999,https://gz.lianjia.com/xiaoqu/219975969623058/,,1,花都
雅居乐锦城花锦集,16320,113.195201,23.421084,https://gz.lianjia.com/xiaoqu/2110343239123329/,,1,花都
轩逸荟,10468,113.195479,23.445621,https://gz.lianjia.com/xiaoqu/219099549879512/,,1,花都
尚品雅居,12011,113.18337,23.431944,https://gz.lianjia.com/xiaoqu/2110002878443689/,,1,花都
雅居乐锦城花漾集,16220,113.193898,23.421101,https://gz.lianjia.com/xiaoqu/2110343239123327/,,1,花都
中国美林湖棕榈湾,8454,113.042204,23.450062,https://gz.lianjia.com/xiaoqu/2116166055874153/,,1,花都
艺景明苑,13440,113.203582,23.384615,https://gz.lianjia.com/xiaoqu/219047087264760/,,1,花都
翠华花园绿茵苑,17399,113.201664,23.387517,https://gz.lianjia.com/xiaoqu/2110343238860929/,,1,花都
云峰学府花园学府南苑,13129,113.181034,23.433701,https://gz.lianjia.com/xiaoqu/2110343238598789/,,1,花都
祈福万景峰,19651,113.205396,23.376185,https://gz.lianjia.com/xiaoqu/2110274275602995/,,1,花都
商业大道,7202,113.249809,23.397654,https://gz.lianjia.com/xiaoqu/2110044502191830/,,1,花都
中国美林湖纳帕溪谷,13087,113.043612,23.451025,https://gz.lianjia.com/xiaoqu/2111792647467504/,,1,花都
合和新城银松一街,19539,113.264554,23.377483,https://gz.lianjia.com/xiaoqu/2110343238598658/,,1,花都
嘉都汇,10614,113.269185,23.380771,https://gz.lianjia.com/xiaoqu/219997624292136/,,1,花都
雅居乐锦城花间集,16220,113.195425,23.420305,https://gz.lianjia.com/xiaoqu/2110343238337511/,,1,花都
元邦山清水秀,10121,113.229543,23.492477,https://gz.lianjia.com/xiaoqu/2110496624308983/,,1,花都
合和新城金枫二街,19200,113.2649,23.378432,https://gz.lianjia.com/xiaoqu/2110343238860946/,,1,花都
中国美林湖天汇半岛,6401,113.04336,23.449981,https://gz.lianjia.com/xiaoqu/2111585714400802/,,1,花都
嘉豪雅苑,11860,113.204601,23.406155,https://gz.lianjia.com/xiaoqu/2112037536886887/,,1,花都
雅居乐锦城花冠集,17507,113.195111,23.421229,https://gz.lianjia.com/xiaoqu/2110343239123330/,,1,花都
合和新城银松七街,23742,113.261873,23.378685,https://gz.lianjia.com/xiaoqu/2110343238598661/,,1,花都
好美嘉园好美华庭,6421,113.118252,23.343672,https://gz.lianjia.com/xiaoqu/2111384068255017/,,1,花都
锦尚蓬莱苑,26822,113.242204,23.396435,https://gz.lianjia.com/xiaoqu/219998507716304/,,1,花都
粤兴苑A座,7957,113.204992,23.38884,https://gz.lianjia.com/xiaoqu/2110343238336987/,,1,花都
美域华庭,9694,113.199665,23.3851,https://gz.lianjia.com/xiaoqu/219687409111910/,,1,花都
云峰花园赏云阁,17405,113.253662,23.384577,https://gz.lianjia.com/xiaoqu/2111159137168534/,,1,花都
骊雅居,19794,113.226821,23.403898,https://gz.lianjia.com/xiaoqu/219522681491228/,,1,花都
豪利幸福里,9351,113.199018,23.448887,https://gz.lianjia.com/xiaoqu/219977058045715/,,1,花都
花城苑,10864,113.224845,23.397264,https://gz.lianjia.com/xiaoqu/219097457971262/,,1,花都
花城路,6401,113.222321,23.381683,https://gz.lianjia.com/xiaoqu/219680366087814/,,1,花都
保利城花园塞汶西街,8252,113.168665,23.381161,https://gz.lianjia.com/xiaoqu/2110343238336897/,,1,花都
牡丹花园,9211,113.22359,23.404109,https://gz.lianjia.com/xiaoqu/2120021376468489/,,1,花都
时代美居,10053,113.220344,23.393359,https://gz.lianjia.com/xiaoqu/219098034163501/,,1,花都
保利高尔夫郡绿韵街,17301,113.160603,23.380717,https://gz.lianjia.com/xiaoqu/2116953661207156/,,1,花都
双赢如家公寓,10432,113.202001,23.3852,https://gz.lianjia.com/xiaoqu/2111791905600168/,,1,花都
保利高尔夫郡水晶宫寓,14511,113.160984,23.382761,https://gz.lianjia.com/xiaoqu/2111253991354285/,,1,花都
花城路顺景楼,6400,113.223475,23.382313,https://gz.lianjia.com/xiaoqu/2110274361323237/,,1,花都
金都花园,7880,113.20015,23.38607,https://gz.lianjia.com/xiaoqu/219071329291911/,,1,花都
中国美林湖,8454,113.047272,23.495382,https://gz.lianjia.com/xiaoqu/2110026084479950/,,1,花都
中房观湖国际领辉,17614,113.229651,23.376235,https://gz.lianjia.com/xiaoqu/2110343239123282/,,1,花都
云山雅轩,9352,113.20718,23.385266,https://gz.lianjia.com/xiaoqu/219160380133635/,,1,花都
华侨花园,10177,113.225545,23.398744,https://gz.lianjia.com/xiaoqu/2110044625399596/,,1,花都
雅居乐万科热橙,13656,113.283926,23.448655,https://gz.lianjia.com/xiaoqu/2113327450255154/,,1,花都
嘉华世家,6486,113.187713,23.463561,https://gz.lianjia.com/xiaoqu/219997508948893/,,1,花都
花都阳光家园,10575,113.205929,23.404766,https://gz.lianjia.com/xiaoqu/2112971159596923/,,1,花都
花都颐和山庄A区,7708,113.277333,23.520579,https://gz.lianjia.com/xiaoqu/2113199145709513/,,1,花都
嘉粤百合雅居C区,6710,113.156805,23.473419,https://gz.lianjia.com/xiaoqu/2120021179239959/,,1,花都
逸泉韵翠花园,10216,113.478734,23.437698,https://gz.lianjia.com/xiaoqu/2114441900444498/,,1,花都
宜华居,10599,113.207084,23.403149,https://gz.lianjia.com/xiaoqu/2111792320311164/,,1,花都
芙蓉春晓,11362,113.23725,23.47578,https://gz.lianjia.com/xiaoqu/219979439361241/,,1,花都
狮峰公馆,14445,113.189963,23.383698,https://gz.lianjia.com/xiaoqu/2110003357381168/,,1,花都
合和新城万和北路,19539,113.265394,23.377877,https://gz.lianjia.com/xiaoqu/2110343238598957/,,1,花都
清水蓝湾,7246,113.374529,23.421167,https://gz.lianjia.com/xiaoqu/2110002630456142/,,1,花都
粤兴苑C座,7957,113.204965,23.388927,https://gz.lianjia.com/xiaoqu/2110497593716076/,,1,花都
狮城国际,9557,113.193754,23.449856,https://gz.lianjia.com/xiaoqu/2110003153432875/,,1,花都
南航碧花园,10660,113.199157,23.486264,https://gz.lianjia.com/xiaoqu/2114935143231867/,,1,花都
颐和盛世,10747,113.086963,23.24473,https://gz.lianjia.com/xiaoqu/2114121287823686/,,1,花都
东悦雅苑,11271,113.208437,23.405282,https://gz.lianjia.com/xiaoqu/2110497044788072/,,1,花都
保利高尔夫郡,11706,113.160933,23.382598,https://gz.lianjia.com/xiaoqu/2112876654849447/,,1,花都
摩登华雅轩,12609,113.213755,23.402268,https://gz.lianjia.com/xiaoqu/219999841767608/,,1,花都
建设北路,8305,113.211505,23.400025,https://gz.lianjia.com/xiaoqu/2111293744442797/,,1,花都
云峰花园三期,17405,113.251695,23.385,https://gz.lianjia.com/xiaoqu/2118202091074135/,,1,花都
合裕华亭,6604,113.286531,23.460904,https://gz.lianjia.com/xiaoqu/2110112098380968/,,1,花都
中新花园美林苑,6700,113.200177,23.380497,https://gz.lianjia.com/xiaoqu/2110343239123268/,,1,花都
碧桂园假日半岛B区,9941,113.068998,23.488732,https://gz.lianjia.com/xiaoqu/2110343239123429/,,1,花都
金豪雅苑,10157,113.212331,23.407736,https://gz.lianjia.com/xiaoqu/2110048011776214/,,1,花都
全鸿花园,10737,113.223416,23.392243,https://gz.lianjia.com/xiaoqu/2111294743475003/,,1,花都
花都银燕大厦,13556,113.223479,23.400017,https://gz.lianjia.com/xiaoqu/2110113359818762/,,1,花都
雅居乐锦城花语集,16220,113.196674,23.422527,https://gz.lianjia.com/xiaoqu/2110343238337512/,,1,花都
保利悦廷,17349,113.188109,23.382658,https://gz.lianjia.com/xiaoqu/2113327668621007/,,1,花都
新华路,8841,113.231878,23.384917,https://gz.lianjia.com/xiaoqu/219098778915162/,,1,花都
花都富豪山庄,11859,113.218116,23.395054,https://gz.lianjia.com/xiaoqu/2110496810955614/,,1,花都
凤华路,7526,113.212028,23.395882,https://gz.lianjia.com/xiaoqu/2111787599098541/,,1,花都
雅宝新城名门世家,16541,113.194873,23.431335,https://gz.lianjia.com/xiaoqu/2110343239123264/,,1,花都
豪利花园顺景阁,17037,113.257022,23.366797,https://gz.lianjia.com/xiaoqu/2110343238860840/,,1,花都
中国美林湖观湖居,8454,113.041575,23.45088,https://gz.lianjia.com/xiaoqu/2120021531661365/,,1,花都
天马河国际公馆,10641,113.191055,23.375007,https://gz.lianjia.com/xiaoqu/219077338680795/,,1,花都
杏林花园,11026,113.21411,23.403723,https://gz.lianjia.com/xiaoqu/219680366087436/,,1,花都
云峰学府花园一期,12197,113.180841,23.43412,https://gz.lianjia.com/xiaoqu/2113922941546721/,,1,花都
御华园,12808,113.196818,23.451713,https://gz.lianjia.com/xiaoqu/2111290560179979/,,1,花都
中国美林湖美汇半岛,12971,113.058649,23.450776,https://gz.lianjia.com/xiaoqu/2112969735631786/,,1,花都
利峰城,4886,113.156371,23.472739,https://gz.lianjia.com/xiaoqu/219998809968976/,,1,花都
怡康花园,7569,113.222249,23.402861,https://gz.lianjia.com/xiaoqu/2110772320628257/,,1,花都
花城悦翠园,7648,113.27903,23.447635,https://gz.lianjia.com/xiaoqu/219980119624999/,,1,花都
车辆厂小区,9864,113.215165,23.387745,https://gz.lianjia.com/xiaoqu/2110045639373508/,,1,花都
保利城花园伊顿印象,10308,113.169895,23.382438,https://gz.lianjia.com/xiaoqu/2110817337045233/,,1,花都
祈福聚龙堡,11026,113.281995,23.44398,https://gz.lianjia.com/xiaoqu/2110001917948782/,,1,花都
银珠苑小区,11289,113.222114,23.394006,https://gz.lianjia.com/xiaoqu/2111138367763154/,,1,花都
翠华花园E座,11291,113.20347,23.388068,https://gz.lianjia.com/xiaoqu/2110343238336905/,,1,花都
银狮楼,11298,113.153834,23.465189,https://gz.lianjia.com/xiaoqu/2116952332136275/,,1,花都
华贵苑,13171,113.229598,23.38852,https://gz.lianjia.com/xiaoqu/2114392830733594/,,1,花都
翠华花园J座,13573,113.203667,23.38794,https://gz.lianjia.com/xiaoqu/2110836720496372/,,1,花都
美力百富雅苑二期,15878,113.235207,23.394496,https://gz.lianjia.com/xiaoqu/219999352082295/,,1,花都
机场国际公寓,8486,113.323448,23.440743,https://gz.lianjia.com/xiaoqu/2114484219899279/,,1,花都
民航芙蓉山庄,13236,113.230292,23.508304,https://gz.lianjia.com/xiaoqu/2114963882078212/,,1,花都
玖珑湖悦源庄,20403,113.4232,23.470236,https://gz.lianjia.com/xiaoqu/2110343238337451/,,1,花都
金城大厦,8940,113.215287,23.383877,https://gz.lianjia.com/xiaoqu/2110495969997109/,,1,花都
银菊花小区,11012,113.225478,23.403226,https://gz.lianjia.com/xiaoqu/219161219519092/,,1,花都
翠华花园H座,11291,113.2036,23.388234,https://gz.lianjia.com/xiaoqu/2110496359279959/,,1,花都
新景豪苑,11300,113.207108,23.406822,https://gz.lianjia.com/xiaoqu/2111792082546013/,,1,花都
雅居乐领会,12681,113.234583,23.474005,https://gz.lianjia.com/xiaoqu/2111770918350282/,,1,花都
骏辉雅苑,14394,113.21906,23.424442,https://gz.lianjia.com/xiaoqu/2110631333818863/,,1,花都
岭南公馆,18542,113.23902,23.398856,https://gz.lianjia.com/xiaoqu/2111294743475179/,,1,花都
蒙地卡罗山庄美伦径,6705,113.200348,23.437432,https://gz.lianjia.com/xiaoqu/2110343239123267/,,1,花都
秀全路,6866,113.215812,23.383852,https://gz.lianjia.com/xiaoqu/2110100488024584/,,1,花都
中山大楼,7692,113.217991,23.37752,https://gz.lianjia.com/xiaoqu/2111290053193934/,,1,花都
中国美林湖汇泉湾,8454,113.045516,23.496056,https://gz.lianjia.com/xiaoqu/2111159137169341/,,1,花都
保利城花园尼曼玫瑰园,8928,113.168472,23.381521,https://gz.lianjia.com/xiaoqu/2110343238336929/,,1,花都
雅宝新城阿瑟公馆,10329,113.19538,23.430323,https://gz.lianjia.com/xiaoqu/2110343239123426/,,1,花都
田美小区,10350,113.233266,23.391273,https://gz.lianjia.com/xiaoqu/2111788729462759/,,1,花都
碧桂园假日半岛鸟语花香,10993,113.066482,23.483395,https://gz.lianjia.com/xiaoqu/2110343239123253/,,1,花都
金华花园F栋,11291,113.205504,23.388226,https://gz.lianjia.com/xiaoqu/2110343238337051/,,1,花都
阳光雅居,11434,113.204902,23.404851,https://gz.lianjia.com/xiaoqu/219097910432614/,,1,花都
凯旋国际2栋,11767,113.243458,23.41359,https://gz.lianjia.com/xiaoqu/2110343238337194/,,1,花都
金河湾花园一期,12148,113.232408,23.389163,https://gz.lianjia.com/xiaoqu/2110343238336535/,,1,花都
金鹏花园,12228,113.220147,23.403276,https://gz.lianjia.com/xiaoqu/2110048465809792/,,1,花都
桃花源,19819,113.222762,23.494519,https://gz.lianjia.com/xiaoqu/2113310407224472/,,1,花都
永愉花园,19949,113.239577,23.411426,https://gz.lianjia.com/xiaoqu/219998263661264/,,1,花都
雅居乐名门十八,48530,113.229413,23.413934,https://gz.lianjia.com/xiaoqu/2111138091986462/,,1,花都
达明阁,13321,113.206915,23.373585,https://gz.lianjia.com/xiaoqu/219212120280197/,,1,花都
紫光园,18320,113.235328,23.409842,https://gz.lianjia.com/xiaoqu/2110497364602884/,,1,花都
中房观湖国际领郡,19004,113.229934,23.377076,https://gz.lianjia.com/xiaoqu/2110343239123281/,,1,花都
五洲花园,6107,113.230791,23.388657,https://gz.lianjia.com/xiaoqu/2120022180948548/,,1,花都
金联市场,7670,113.229529,23.385796,https://gz.lianjia.com/xiaoqu/2110048389525799/,,1,花都
中国美林湖加洲岛,8454,113.048013,23.494084,https://gz.lianjia.com/xiaoqu/2111155293615004/,,1,花都
耀华楼,8554,113.223268,23.386364,https://gz.lianjia.com/xiaoqu/2110110541508183/,,1,花都
福宁路,8766,113.213436,23.379842,https://gz.lianjia.com/xiaoqu/2111290053193939/,,1,花都
勤天一品树院,9869,113.2467,23.502643,https://gz.lianjia.com/xiaoqu/2110112847327915/,,1,花都
丽苑大厦,10407,113.216768,23.386357,https://gz.lianjia.com/xiaoqu/2120020597237613/,,1,花都
永发苑,10534,113.20862,23.392954,https://gz.lianjia.com/xiaoqu/2112972081296283/,,1,花都
海怡阁,12157,113.223241,23.403744,https://gz.lianjia.com/xiaoqu/2111290315862976/,,1,花都
馨泉花园,12580,113.266045,23.40949,https://gz.lianjia.com/xiaoqu/2111293733434273/,,1,花都
天马河壹号一期,14363,113.191949,23.382703,https://gz.lianjia.com/xiaoqu/2110343238336543/,,1,花都
银星花园,18000,113.238993,23.400506,https://gz.lianjia.com/xiaoqu/2110111287832318/,,1,花都
花都邮电新村,5048,113.210045,23.403719,https://gz.lianjia.com/xiaoqu/2115528850132510/,,1,花都
狮城苑,5860,113.154894,23.467735,https://gz.lianjia.com/xiaoqu/2112970916327139/,,1,花都
蒙地卡罗山庄美新径,6705,113.200123,23.437266,https://gz.lianjia.com/xiaoqu/2110841338688251/,,1,花都
云山大道,7924,113.228106,23.39321,https://gz.lianjia.com/xiaoqu/219681758859886/,,1,花都
恒昌福邸,8187,113.279016,23.446678,https://gz.lianjia.com/xiaoqu/2120022014162741/,,1,花都
荣兴楼,8310,113.20973,23.396106,https://gz.lianjia.com/xiaoqu/2120020327709225/,,1,花都
金丰大厦,8679,113.219778,23.375662,https://gz.lianjia.com/xiaoqu/2111293254496889/,,1,花都
华南路,9166,113.215359,23.375969,https://gz.lianjia.com/xiaoqu/219794041162755/,,1,花都
致尚诚楼,9318,113.233388,23.391949,https://gz.lianjia.com/xiaoqu/2110112966340887/,,1,花都
秀全大道新建直街,9408,113.214676,23.383043,https://gz.lianjia.com/xiaoqu/2111290952871257/,,1,花都
雅居乐汇通国际公寓,9468,113.194581,23.429278,https://gz.lianjia.com/xiaoqu/2113332297821987/,,1,花都
保利城花园保利城一街,9600,113.169132,23.381584,https://gz.lianjia.com/xiaoqu/2111288781796131/,,1,花都
金城广场,9718,113.214856,23.38466,https://gz.lianjia.com/xiaoqu/2110047740457038/,,1,花都
保利城花园海德公园,9991,113.168795,23.381791,https://gz.lianjia.com/xiaoqu/2110343238336930/,,1,花都
东方苑,10474,113.278563,23.444496,https://gz.lianjia.com/xiaoqu/2114867181898552/,,1,花都
东城花园,10864,113.218485,23.403226,https://gz.lianjia.com/xiaoqu/2110955101057366/,,1,花都
碧桂园假日半岛映月湾,10993,113.061236,23.490621,https://gz.lianjia.com/xiaoqu/2110343239123114/,,1,花都
碧桂园假日半岛翠山湖畔,10993,113.077262,23.491151,https://gz.lianjia.com/xiaoqu/2110343239123401/,,1,花都
东骏花园,11517,113.220811,23.407803,https://gz.lianjia.com/xiaoqu/2111288683753879/,,1,花都
永发小区,11541,113.209996,23.392758,https://gz.lianjia.com/xiaoqu/219159469183675/,,1,花都
美力花园,11552,113.221177,23.414061,https://gz.lianjia.com/xiaoqu/2111791786323131/,,1,花都
雅兰苑,12248,113.222563,23.392418,https://gz.lianjia.com/xiaoqu/2114486546975570/,,1,花都
富力金港城东区,13596,113.369073,23.463449,https://gz.lianjia.com/xiaoqu/2120022414782344/,,1,花都
万科兰乔圣菲盛御街,14126,113.245582,23.506085,https://gz.lianjia.com/xiaoqu/2111245341913569/,,1,花都
骏威广场桂苑,14153,113.222859,23.397231,https://gz.lianjia.com/xiaoqu/2110343239123343/,,1,花都
骏威广场东明楼,14153,113.223219,23.396916,https://gz.lianjia.com/xiaoqu/2110343239123378/,,1,花都
天马河西岸,14363,113.19088,23.385241,https://gz.lianjia.com/xiaoqu/2111294949781106/,,1,花都
兰花苑,14538,113.232153,23.408043,https://gz.lianjia.com/xiaoqu/2113446084047272/,,1,花都
溢盈湖畔别墅,15856,113.199629,23.435372,https://gz.lianjia.com/xiaoqu/2113334109236659/,,1,花都
豪利花园豪景阁,17037,113.257889,23.366287,https://gz.lianjia.com/xiaoqu/2110343238860844/,,1,花都
泊岸君庭,17384,113.228941,23.39704,https://gz.lianjia.com/xiaoqu/219976350519068/,,1,花都
新源雅居,17558,113.240677,23.40274,https://gz.lianjia.com/xiaoqu/2113786049687502/,,1,花都
中房观湖国际领秀,18559,113.22926,23.376566,https://gz.lianjia.com/xiaoqu/2110343239123279/,,1,花都
合和新城银松五街,19539,113.262538,23.378424,https://gz.lianjia.com/xiaoqu/2110343238598659/,,1,花都
银丰国际公寓,9164,113.217324,23.388673,https://gz.lianjia.com/xiaoqu/2120020956899612/,,1,花都
名门国际,10442,113.244253,23.414473,https://gz.lianjia.com/xiaoqu/2110115670880346/,,1,花都
碧桂园假日半岛翠岭云天,13228,113.079445,23.451378,https://gz.lianjia.com/xiaoqu/2111561307483422/,,1,花都
胡忠大厦,5407,113.215835,23.381517,https://gz.lianjia.com/xiaoqu/2110113186802866/,,1,花都
松园大道,7705,113.209275,23.400291,https://gz.lianjia.com/xiaoqu/2116024153371407/,,1,花都
大华二路,8558,113.20639,23.401183,https://gz.lianjia.com/xiaoqu/2114600062382198/,,1,花都
花都鸿福花园,8658,113.211411,23.403479,https://gz.lianjia.com/xiaoqu/2110112976301666/,,1,花都
青晖小区,9448,113.216535,23.387198,https://gz.lianjia.com/xiaoqu/2110112976301541/,,1,花都
中国美林湖安达鲁西亚,9536,113.04751,23.493239,https://gz.lianjia.com/xiaoqu/2111155035664867/,,1,花都
来福花园,9700,113.232723,23.388151,https://gz.lianjia.com/xiaoqu/2111294077889632/,,1,花都
粤花小区,10107,113.20227,23.367817,https://gz.lianjia.com/xiaoqu/2116953741423335/,,1,花都
雅宝新城英伦世家,10329,113.194841,23.43109,https://gz.lianjia.com/xiaoqu/2110343238599377/,,1,花都
永大新城永裕楼,13416,113.220865,23.401145,https://gz.lianjia.com/xiaoqu/2111153867288725/,,1,花都
钻石豪园,15981,113.23614,23.410637,https://gz.lianjia.com/xiaoqu/2113288944710604/,,1,花都
云峰花园晴云阁,17405,113.253312,23.383789,https://gz.lianjia.com/xiaoqu/2111158420468443/,,1,花都
花城路培英街,5535,113.220425,23.387807,https://gz.lianjia.com/xiaoqu/2110343239123248/,,1,花都
永福大厦,5860,113.208666,23.394603,https://gz.lianjia.com/xiaoqu/2111158591647649/,,1,花都
金狮华庭,6048,113.157822,23.473915,https://gz.lianjia.com/xiaoqu/2111159288949959/,,1,花都
金花园小区,6155,113.212942,23.396149,https://gz.lianjia.com/xiaoqu/219071329292155/,,1,花都
富银路富华楼,6199,113.214411,23.398686,https://gz.lianjia.com/xiaoqu/2110049456189603/,,1,花都
丽雅新村,6679,113.2161,23.385005,https://gz.lianjia.com/xiaoqu/2111294083920779/,,1,花都
嘉粤百合雅居B区,6710,113.156862,23.47335,https://gz.lianjia.com/xiaoqu/2114897791666711/,,1,花都
益登华庭,6797,113.182836,23.464106,https://gz.lianjia.com/xiaoqu/2120021532706426/,,1,花都
富贵楼,6811,113.217699,23.380427,https://gz.lianjia.com/xiaoqu/2111289533624718/,,1,花都
惠华楼,7146,113.215462,23.394022,https://gz.lianjia.com/xiaoqu/2111293254496510/,,1,花都
狮城新村,7171,113.224207,23.396916,https://gz.lianjia.com/xiaoqu/2110497388981751/,,1,花都
万宝楼,7181,113.212134,23.393608,https://gz.lianjia.com/xiaoqu/2110684929420430/,,1,花都
华南苑,7237,113.218566,23.376135,https://gz.lianjia.com/xiaoqu/219781877943626/,,1,花都
雅园大厦,7276,113.216466,23.384507,https://gz.lianjia.com/xiaoqu/2112359765864251/,,1,花都
祈福黄金海岸一期,7314,113.110571,23.431102,https://gz.lianjia.com/xiaoqu/2110002146799015/,,1,花都
建设路,7537,113.218413,23.377744,https://gz.lianjia.com/xiaoqu/2110045639373654/,,1,花都
新科技楼,7591,113.209524,23.397426,https://gz.lianjia.com/xiaoqu/2110115670880372/,,1,花都
华辉花园,7776,113.206928,23.38556,https://gz.lianjia.com/xiaoqu/219685454040453/,,1,花都
9号小区,7782,113.216796,23.390577,https://gz.lianjia.com/xiaoqu/2110496233450697/,,1,花都
云山大厦,7835,113.222952,23.390436,https://gz.lianjia.com/xiaoqu/2113448382788151/,,1,花都
美景楼,8114,113.209061,23.395797,https://gz.lianjia.com/xiaoqu/2110115377016102/,,1,花都
公园前路,8124,113.216167,23.389088,https://gz.lianjia.com/xiaoqu/219161643142729/,,1,花都
美景楼,8159,113.226444,23.37861,https://gz.lianjia.com/xiaoqu/2120022894172196/,,1,花都
丽景大厦,8267,113.213133,23.398169,https://gz.lianjia.com/xiaoqu/2111856662769976/,,1,花都
红珠路,8274,113.228157,23.384755,https://gz.lianjia.com/xiaoqu/2114126225590858/,,1,花都
盛丰小区,8276,113.213643,23.405024,https://gz.lianjia.com/xiaoqu/2113176216759340/,,1,花都
碧秀花园,8519,113.231748,23.400763,https://gz.lianjia.com/xiaoqu/2110045328207537/,,1,花都
金碧苑,8613,113.21974,23.405618,https://gz.lianjia.com/xiaoqu/2112970456264239/,,1,花都
金梯大厦,8677,113.204824,23.40636,https://gz.lianjia.com/xiaoqu/2112971042681239/,,1,花都
美华新村,8703,113.230293,23.389693,https://gz.lianjia.com/xiaoqu/219999795629084/,,1,花都
友田碧云轩,8792,113.196616,23.447926,https://gz.lianjia.com/xiaoqu/2113198726804424/,,1,花都
花都金城花园,8857,113.215318,23.384022,https://gz.lianjia.com/xiaoqu/2111291410836675/,,1,花都
松园小区,9212,113.206088,23.401883,https://gz.lianjia.com/xiaoqu/219075039679253/,,1,花都
新拓花园,9290,113.230881,23.393906,https://gz.lianjia.com/xiaoqu/2110496057814436/,,1,花都
花都站前路,9333,113.210157,23.388184,https://gz.lianjia.com/xiaoqu/2110112491598054/,,1,花都
金碧御水山庄B区,9525,113.209712,23.492552,https://gz.lianjia.com/xiaoqu/2114963776457999/,,1,花都
金碧御水山庄E区,9531,113.210768,23.489212,https://gz.lianjia.com/xiaoqu/2110343238599221/,,1,花都
桃源盛世名苑,9574,113.22457,23.383843,https://gz.lianjia.com/xiaoqu/2113675225953256/,,1,花都
满华苑,9677,113.222033,23.393309,https://gz.lianjia.com/xiaoqu/2111294743474360/,,1,花都
美力倚晴居,9817,113.20754,23.402922,https://gz.lianjia.com/xiaoqu/2116956873780658/,,1,花都
新城市花园,10465,113.217214,23.376985,https://gz.lianjia.com/xiaoqu/219212845895705/,,1,花都
君兰苑,10513,113.230217,23.390444,https://gz.lianjia.com/xiaoqu/2111294077889605/,,1,花都
金色华庭,10544,113.230697,23.402119,https://gz.lianjia.com/xiaoqu/2110496272249026/,,1,花都
京仕商业广场,10552,113.264529,23.381761,https://gz.lianjia.com/xiaoqu/2120021729898165/,,1,花都
金源楼,10560,113.218098,23.377122,https://gz.lianjia.com/xiaoqu/2110022184563167/,,1,花都
南航碧花园碧花十一街,10660,113.200752,23.488906,https://gz.lianjia.com/xiaoqu/2110343239123002/,,1,花都
颐和盛世三街,10747,113.086925,23.244493,https://gz.lianjia.com/xiaoqu/2114558256728466/,,1,花都
日昌豪苑,10830,113.233603,23.390108,https://gz.lianjia.com/xiaoqu/2110112966341196/,,1,花都
新都花园,10877,113.211078,23.401771,https://gz.lianjia.com/xiaoqu/2111153627165011/,,1,花都
东馨美居,10919,113.207588,23.396774,https://gz.lianjia.com/xiaoqu/2113308735532505/,,1,花都
花都紫荆苑,10958,113.230823,23.387372,https://gz.lianjia.com/xiaoqu/2110111832567775/,,1,花都
雅乐轩,10974,113.229363,23.402558,https://gz.lianjia.com/xiaoqu/2110496233450734/,,1,花都
碧桂园假日半岛翠林水岸,10993,113.080819,23.492866,https://gz.lianjia.com/xiaoqu/2110343239123402/,,1,花都
锦鹏苑,11252,113.215871,23.401683,https://gz.lianjia.com/xiaoqu/2116950586519110/,,1,花都
翠华花园B座,11291,113.201426,23.387546,https://gz.lianjia.com/xiaoqu/2110836818538586/,,1,花都
富庄庭,11331,113.23359,23.392907,https://gz.lianjia.com/xiaoqu/2110274742480526/,,1,花都
花都晓翠苑,11367,113.230729,23.394768,https://gz.lianjia.com/xiaoqu/2111294083920717/,,1,花都
花都雅怡花园,11451,113.229134,23.402252,https://gz.lianjia.com/xiaoqu/219998338633862/,,1,花都
文化馆小区,11524,113.220165,23.381874,https://gz.lianjia.com/xiaoqu/2111295212187778/,,1,花都
美雅苑,11710,113.227171,23.399636,https://gz.lianjia.com/xiaoqu/2110496810954829/,,1,花都
小城之春雅居,11725,113.214541,23.4059,https://gz.lianjia.com/xiaoqu/219954533846598/,,1,花都
福虹阳光美地,12004,113.209178,23.404768,https://gz.lianjia.com/xiaoqu/2110684828758513/,,1,花都
金河湾花园二期,12148,113.231591,23.391211,https://gz.lianjia.com/xiaoqu/2110343239123368/,,1,花都
学府花园时光小筑,12197,113.181259,23.434135,https://gz.lianjia.com/xiaoqu/2113329441762568/,,1,花都
骏豪雅苑,12794,113.232441,23.402915,https://gz.lianjia.com/xiaoqu/2112965636223112/,,1,花都
新鸿基御华园,12808,113.236033,23.40728,https://gz.lianjia.com/xiaoqu/2113306909961548/,,1,花都
美力锦颐雅居,13147,113.215158,23.420218,https://gz.lianjia.com/xiaoqu/2111771502407252/,,1,花都
新晖朗悦居,13186,113.240161,23.391593,https://gz.lianjia.com/xiaoqu/2110045558369327/,,1,花都
永大新城永丰楼,13416,113.219895,23.401431,https://gz.lianjia.com/xiaoqu/2110496396767642/,,1,花都
永大新城永顺楼,13416,113.221629,23.399884,https://gz.lianjia.com/xiaoqu/2111293229592451/,,1,花都
鸿都苑,13862,113.223371,23.410864,https://gz.lianjia.com/xiaoqu/2112059720297997/,,1,花都
骏威广场丹凤苑,14153,113.221094,23.398471,https://gz.lianjia.com/xiaoqu/2110343239123392/,,1,花都
保利城花园温莎堡,14603,113.16981,23.382099,https://gz.lianjia.com/xiaoqu/2114960402925720/,,1,花都
绿地新里缇香公馆,16269,113.21358,23.412875,https://gz.lianjia.com/xiaoqu/2113327668620293/,,1,花都
金穗华庭,16701,113.231681,23.410344,https://gz.lianjia.com/xiaoqu/2111160934953372/,,1,花都
豪利花园瑞云阁,17037,113.256505,23.366581,https://gz.lianjia.com/xiaoqu/2112878699835192/,,1,花都
豪利花园,17037,113.25576,23.367116,https://gz.lianjia.com/xiaoqu/2113332713844646/,,1,花都
云峰花园尚锋阁,17405,113.252196,23.383611,https://gz.lianjia.com/xiaoqu/2112376685948909/,,1,花都
豪利花园翠云阁,18410,113.257233,23.36673,https://gz.lianjia.com/xiaoqu/2110343239123400/,,1,花都
紫薇丽都1,22370,113.23858,23.410456,https://gz.lianjia.com/xiaoqu/2110497364603286/,,1,花都
玖珑湖悦沐庄,21878,113.422714,23.471695,https://gz.lianjia.com/xiaoqu/2110343238337452/,,1,花都
汇福楼,7292,113.190944,23.38434,https://gz.lianjia.com/xiaoqu/2120020751380228/,,1,花都
永大新城,13416,113.221368,23.400942,https://gz.lianjia.com/xiaoqu/2110111727185319/,,1,花都
骏威广场商业大厦,14153,113.223744,23.398554,https://gz.lianjia.com/xiaoqu/2110343239123212/,,1,花都
天马河壹号三期御景湾,14363,113.191922,23.381434,https://gz.lianjia.com/xiaoqu/2113332559704953/,,1,花都
百合豪园,15302,113.215417,23.411782,https://gz.lianjia.com/xiaoqu/219047714311981/,,1,花都
景园小区,16624,113.239955,23.412641,https://gz.lianjia.com/xiaoqu/2120023577093295/,,1,花都
芙蓉绿茵豪苑,18423,113.251246,23.501657,https://gz.lianjia.com/xiaoqu/2111289533624501/,,1,花都
金狮花园,4921,113.164875,23.474564,https://gz.lianjia.com/xiaoqu/2114962794466186/,,1,花都
帝缘花园,5103,113.165764,23.475044,https://gz.lianjia.com/xiaoqu/2111766575411935/,,1,花都
商业大道横潭市场西街,5435,113.222316,23.383159,https://gz.lianjia.com/xiaoqu/2110496810955721/,,1,花都
新华路光明巷,6120,113.219338,23.3816,https://gz.lianjia.com/xiaoqu/2110343239123348/,,1,花都
狮岭金辉园,6156,113.160267,23.474554,https://gz.lianjia.com/xiaoqu/2114416717295788/,,1,花都
荣华楼,6218,113.212268,23.393852,https://gz.lianjia.com/xiaoqu/2116934058625239/,,1,花都
新花苑小区华宝楼,6253,113.223542,23.385307,https://gz.lianjia.com/xiaoqu/2111153388351492/,,1,花都
东华庄,6299,113.218817,23.390473,https://gz.lianjia.com/xiaoqu/219098778915075/,,1,花都
建设北路吉祥街,6356,113.211328,23.399694,https://gz.lianjia.com/xiaoqu/2116862239273012/,,1,花都
秀全大道,6411,113.215395,23.383416,https://gz.lianjia.com/xiaoqu/2110050448927902/,,1,花都
兰圃新村,6478,113.220007,23.383906,https://gz.lianjia.com/xiaoqu/2111294287867902/,,1,花都
狮峰花园,6537,113.185522,23.456321,https://gz.lianjia.com/xiaoqu/2114416130617572/,,1,花都
风神大道,6659,113.15992,23.384852,https://gz.lianjia.com/xiaoqu/2113198298460044/,,1,花都
蒙地卡罗山庄美思径,6705,113.200436,23.437964,https://gz.lianjia.com/xiaoqu/2112970456264229/,,1,花都
嘉粤百合雅居A区,6710,113.156845,23.473388,https://gz.lianjia.com/xiaoqu/2114555515490134/,,1,花都
中新花园长青苑,6726,113.199971,23.380058,https://gz.lianjia.com/xiaoqu/2110343239123089/,,1,花都
中新花园环翠苑,6746,113.199795,23.380394,https://gz.lianjia.com/xiaoqu/2111293854805912/,,1,花都
花都富华楼,6896,113.212794,23.38442,https://gz.lianjia.com/xiaoqu/2111290988261436/,,1,花都
花城北路,7018,113.214739,23.396526,https://gz.lianjia.com/xiaoqu/2111158718526411/,,1,花都
工会大厦,7057,113.217712,23.380099,https://gz.lianjia.com/xiaoqu/2111788485931628/,,1,花都
芳华楼,7092,113.208563,23.396011,https://gz.lianjia.com/xiaoqu/2111862246174505/,,1,花都
兴华楼小区,7116,113.211276,23.395427,https://gz.lianjia.com/xiaoqu/219680306320343/,,1,花都
盈宝楼,7181,113.215368,23.395672,https://gz.lianjia.com/xiaoqu/2111290952871169/,,1,花都
新民路,7187,113.213355,23.375223,https://gz.lianjia.com/xiaoqu/219098778915710/,,1,花都
裕兴新村,7233,113.20685,23.39943,https://gz.lianjia.com/xiaoqu/2115529533540902/,,1,花都
华南苑华达楼,7237,113.218471,23.376044,https://gz.lianjia.com/xiaoqu/2110496508964457/,,1,花都
华南苑新科楼,7237,113.218359,23.37587,https://gz.lianjia.com/xiaoqu/2111067225549935/,,1,花都
中国美林湖星海游艇别墅,7291,113.043028,23.450014,https://gz.lianjia.com/xiaoqu/2114894985415388/,,1,花都
金祥楼,7310,113.329871,23.440876,https://gz.lianjia.com/xiaoqu/2120022186192236/,,1,花都
粤华小区,7313,113.206506,23.385013,https://gz.lianjia.com/xiaoqu/2111290560179844/,,1,花都
华美苑,7365,113.212534,23.391194,https://gz.lianjia.com/xiaoqu/2118089198783426/,,1,花都
新中路,7428,113.223389,23.409859,https://gz.lianjia.com/xiaoqu/219793125757258/,,1,花都
中达园,7490,113.229121,23.4043,https://gz.lianjia.com/xiaoqu/2111293882856063/,,1,花都
广发银行小区,7514,113.213996,23.384354,https://gz.lianjia.com/xiaoqu/2116862239273579/,,1,花都
科技楼,7591,113.209452,23.397641,https://gz.lianjia.com/xiaoqu/219794041162800/,,1,花都
大华一路,7620,113.208891,23.402695,https://gz.lianjia.com/xiaoqu/2111289292713757/,,1,花都
新展楼,7623,113.208167,23.385853,https://gz.lianjia.com/xiaoqu/2112879891280619/,,1,花都
宝华路,7644,113.218188,23.393674,https://gz.lianjia.com/xiaoqu/2110049729080506/,,1,花都
荣芳楼,7698,113.211587,23.393509,https://gz.lianjia.com/xiaoqu/2115531053452904/,,1,花都
银经楼,7756,113.223933,23.382409,https://gz.lianjia.com/xiaoqu/2111290988261894/,,1,花都
富银路,7760,113.212596,23.39845,https://gz.lianjia.com/xiaoqu/219232075992886/,,1,花都
花都粮食局宿舍,7774,113.213975,23.377607,https://gz.lianjia.com/xiaoqu/2111295183875862/,,1,花都
双赢华辉花园,7776,113.207,23.385539,https://gz.lianjia.com/xiaoqu/2110045639373007/,,1,花都
侨苑小区,7819,113.215004,23.393334,https://gz.lianjia.com/xiaoqu/2114558388038705/,,1,花都
新华路中华巷,7851,113.220012,23.380622,https://gz.lianjia.com/xiaoqu/2110343239123085/,,1,花都
新华路税政巷,7851,113.216118,23.380373,https://gz.lianjia.com/xiaoqu/2111294311461116/,,1,花都
展麟大厦,7876,113.211406,23.381682,https://gz.lianjia.com/xiaoqu/2115529333787830/,,1,花都
华辉楼,7941,113.21177,23.386215,https://gz.lianjia.com/xiaoqu/2111290952871806/,,1,花都
花都利丰大厦,7950,113.216399,23.393547,https://gz.lianjia.com/xiaoqu/2113198298459543/,,1,花都
富都楼,8013,113.213552,23.396246,https://gz.lianjia.com/xiaoqu/2112377136574818/,,1,花都
芙蓉新村,8110,113.207876,23.399876,https://gz.lianjia.com/xiaoqu/219069721038087/,,1,花都
芙蓉度假村,8110,113.246575,23.514449,https://gz.lianjia.com/xiaoqu/2111543243403907/,,1,花都
育贤居,8134,113.233078,23.403491,https://gz.lianjia.com/xiaoqu/2111293422005846/,,1,花都
成功楼,8199,113.218557,23.380696,https://gz.lianjia.com/xiaoqu/2111138617847023/,,1,花都
平福小区,8201,113.206277,23.400183,https://gz.lianjia.com/xiaoqu/2110684977656373/,,1,花都
家和春晓苑,8224,113.202701,23.428877,https://gz.lianjia.com/xiaoqu/219977417183927/,,1,花都
城中城小区,8247,113.214787,23.378054,https://gz.lianjia.com/xiaoqu/2111860830596220/,,1,花都
宏发楼,8264,113.206453,23.402559,https://gz.lianjia.com/xiaoqu/2114557363866081/,,1,花都
青云楼,8268,113.219384,23.3887,https://gz.lianjia.com/xiaoqu/2115529937742997/,,1,花都
荣威楼,8406,113.214595,23.395942,https://gz.lianjia.com/xiaoqu/2111294949780639/,,1,花都
中国美林湖金色溪谷,8454,113.043378,23.44996,https://gz.lianjia.com/xiaoqu/2112970456264463/,,1,花都
中国美林湖阅麓山,8454,113.041321,23.448597,https://gz.lianjia.com/xiaoqu/2114894684998212/,,1,花都
恒华楼,8508,113.21446,23.392865,https://gz.lianjia.com/xiaoqu/2113198801514409/,,1,花都
永兴楼,8677,113.210768,23.397347,https://gz.lianjia.com/xiaoqu/2110496762982179/,,1,花都
利丰苑,8713,113.219585,23.39493,https://gz.lianjia.com/xiaoqu/2111161485193715/,,1,花都
荔翠苑,8741,113.211596,23.399071,https://gz.lianjia.com/xiaoqu/2120023225631732/,,1,花都
西湖小区,8850,113.208609,23.408785,https://gz.lianjia.com/xiaoqu/2111792082545749/,,1,花都
粤景大厦,8865,113.23005,23.3918,https://gz.lianjia.com/xiaoqu/2111293397889961/,,1,花都
东豪大厦,8889,113.20872,23.399735,https://gz.lianjia.com/xiaoqu/219098385436600/,,1,花都
东建豪苑,8889,113.21897,23.395075,https://gz.lianjia.com/xiaoqu/2113199737631076/,,1,花都
粤华大厦,8969,113.206434,23.385336,https://gz.lianjia.com/xiaoqu/2110496948317635/,,1,花都
水木箐华,8979,113.185209,23.455784,https://gz.lianjia.com/xiaoqu/2114392595328968/,,1,花都
天美小岛,9068,113.043594,23.451008,https://gz.lianjia.com/xiaoqu/2113306564719215/,,1,花都
华盛新村,9206,113.208226,23.399586,https://gz.lianjia.com/xiaoqu/2111789560458543/,,1,花都
花都美景花园,9213,113.230122,23.391302,https://gz.lianjia.com/xiaoqu/2111294949780564/,,1,花都
富临花园,9225,113.215493,23.390398,https://gz.lianjia.com/xiaoqu/219160983065077/,,1,花都
新华路育才街,9271,113.218557,23.380974,https://gz.lianjia.com/xiaoqu/2110343239123104/,,1,花都
雅致苑,9290,113.220227,23.399109,https://gz.lianjia.com/xiaoqu/219997978448548/,,1,花都
金碧御水山庄D区,9488,113.203995,23.486776,https://gz.lianjia.com/xiaoqu/2114555878797653/,,1,花都
骏怡居,9544,113.21022,23.393989,https://gz.lianjia.com/xiaoqu/219680366088019/,,1,花都
成业楼,9552,113.213918,23.404308,https://gz.lianjia.com/xiaoqu/2115530199911309/,,1,花都
华侨商业城,9558,113.226075,23.399263,https://gz.lianjia.com/xiaoqu/2111290988261448/,,1,花都
西苑小区,9866,113.189829,23.382923,https://gz.lianjia.com/xiaoqu/2116929039068822/,,1,花都
秀全路竹苑街,9870,113.215699,23.383808,https://gz.lianjia.com/xiaoqu/2111792320310855/,,1,花都
金福馨庭,9942,113.215089,23.398309,https://gz.lianjia.com/xiaoqu/2111293643517385/,,1,花都
宾馆新村,9964,113.217429,23.387604,https://gz.lianjia.com/xiaoqu/2111288365249272/,,1,花都
轮胎厂宿舍,10037,113.209021,23.398201,https://gz.lianjia.com/xiaoqu/219793125757590/,,1,花都
家和逸品苑,10057,113.213239,23.407823,https://gz.lianjia.com/xiaoqu/219997050982626/,,1,花都
康裕苑,10108,113.222015,23.407081,https://gz.lianjia.com/xiaoqu/2111293882856403/,,1,花都
金碧御水山庄H区,10205,113.208181,23.49362,https://gz.lianjia.com/xiaoqu/2110343238860932/,,1,花都
东晖名苑,10292,113.222495,23.410016,https://gz.lianjia.com/xiaoqu/2116866286776055/,,1,花都
恒裕楼,10294,113.283525,23.458429,https://gz.lianjia.com/xiaoqu/2114557719858177/,,1,花都
雅宝新城怡景G区,10329,113.194819,23.430838,https://gz.lianjia.com/xiaoqu/2115983002553042/,,1,花都
嘉日雅居,10389,113.237015,23.393678,https://gz.lianjia.com/xiaoqu/2112969978114171/,,1,花都
花都银丰大厦,10407,113.217272,23.388607,https://gz.lianjia.com/xiaoqu/2111293097472647/,,1,花都
全鸿大厦,10456,113.223238,23.391794,https://gz.lianjia.com/xiaoqu/2112878595764534/,,1,花都
永发大厦,10534,113.210398,23.391304,https://gz.lianjia.com/xiaoqu/2113175949111675/,,1,花都
怡翠苑,10559,113.205464,23.406238,https://gz.lianjia.com/xiaoqu/2111789221769234/,,1,花都
雅宝新城D区,10593,113.19503,23.431364,https://gz.lianjia.com/xiaoqu/2110343238599378/,,1,花都
班芙小镇,10613,113.230387,23.484982,https://gz.lianjia.com/xiaoqu/2113349185138240/,,1,花都
南航碧花园香林一街,10660,113.199301,23.488553,https://gz.lianjia.com/xiaoqu/2110343238598890/,,1,花都
南航碧花园F区,10660,113.198659,23.489262,https://gz.lianjia.com/xiaoqu/2110343238599220/,,1,花都
南航碧花园碧花十二街,10660,113.201192,23.490074,https://gz.lianjia.com/xiaoqu/2110343239123003/,,1,花都
颐和盛世四街,10747,113.074639,23.265733,https://gz.lianjia.com/xiaoqu/2113198463086564/,,1,花都
溢盈湖畔花园美思径,10842,,,https://gz.lianjia.com/xiaoqu/2112971848772674/,,0,花都
新都园,10877,,,https://gz.lianjia.com/xiaoqu/2111153558482836/,,0,花都
新都雅居,10877,,,https://gz.lianjia.com/xiaoqu/2116934058625188/,,0,花都
碧桂园假日半岛水云天,10993,,,https://gz.lianjia.com/xiaoqu/2110343239123191/,,0,花都
碧桂园假日半岛绿茵翠岭,10993,,,https://gz.lianjia.com/xiaoqu/2110343239123273/,,0,花都
碧桂园假日半岛兰花语岸,10993,,,https://gz.lianjia.com/xiaoqu/2110343239123292/,,0,花都
碧桂园假日半岛D区,10993,,,https://gz.lianjia.com/xiaoqu/2110343239123428/,,0,花都
碧桂园假日半岛A区,10993,113.066967,23.489428,https://gz.lianjia.com/xiaoqu/2111138332372673/,,1,花都
明珠花苑,11015,113.212372,23.404747,https://gz.lianjia.com/xiaoqu/2111295212188009/,,1,花都
隆晖苑,11186,113.235,23.407807,https://gz.lianjia.com/xiaoqu/2110496624308458/,,1,花都
花都体育路,11259,113.226556,23.38869,https://gz.lianjia.com/xiaoqu/2111294743474784/,,1,花都
翠华花园D座,11291,113.203416,23.388184,https://gz.lianjia.com/xiaoqu/2110343238336917/,,1,花都
金华花园C栋,11291,113.205621,23.388284,https://gz.lianjia.com/xiaoqu/2110343238337050/,,1,花都
勤天SOLO上作,11319,113.253168,23.388002,https://gz.lianjia.com/xiaoqu/2110002541325936/,,1,花都
银建楼,11350,113.209843,23.394727,https://gz.lianjia.com/xiaoqu/219075260403105/,,1,花都
花都祈乐苑,11367,113.2293,23.39612,https://gz.lianjia.com/xiaoqu/219954615111887/,,1,花都
茶园路,11388,113.219565,23.401245,https://gz.lianjia.com/xiaoqu/2120023753329087/,,1,花都
怡尚雅居,11443,113.21805,23.42117,https://gz.lianjia.com/xiaoqu/2114415886299396/,,1,花都
花都西雅苑,11478,113.215403,23.403881,https://gz.lianjia.com/xiaoqu/2111158893112965/,,1,花都
文苑小区,11524,113.210544,23.408614,https://gz.lianjia.com/xiaoqu/2112971483606356/,,1,花都
凯旋国际3栋,11742,113.243318,23.41366,https://gz.lianjia.com/xiaoqu/2110343238337155/,,1,花都
鸿雅轩,12090,113.231884,23.388094,https://gz.lianjia.com/xiaoqu/2112060168302825/,,1,花都
朗庭雅居,12114,113.232248,23.398742,https://gz.lianjia.com/xiaoqu/2115526086084998/,,1,花都
逸贤苑,12121,113.208677,23.407438,https://gz.lianjia.com/xiaoqu/2112971483606600/,,1,花都
花都紫薇花园,12127,113.239487,23.409564,https://gz.lianjia.com/xiaoqu/2111289533625105/,,1,花都
雅乐苑,12248,113.222779,23.394428,https://gz.lianjia.com/xiaoqu/2111293097472481/,,1,花都
柏景珑汇,12817,113.18835,23.383563,https://gz.lianjia.com/xiaoqu/2113328886279803/,,1,花都
永大新城恒发楼,13416,113.221,23.400954,https://gz.lianjia.com/xiaoqu/2111153758498943/,,1,花都
万科兰乔圣菲尊御街,14126,113.245402,23.506385,https://gz.lianjia.com/xiaoqu/2111771502407610/,,1,花都
万科兰乔圣菲,14126,113.245569,23.506065,https://gz.lianjia.com/xiaoqu/2112971300367908/,,1,花都
万科兰乔圣菲领御街,14126,113.245322,23.506011,https://gz.lianjia.com/xiaoqu/2113197064810185/,,1,花都
骏威广场雅苑,14153,113.222527,23.39738,https://gz.lianjia.com/xiaoqu/2110343239123127/,,1,花都
骏威广场龙珠苑,14153,113.222451,23.396435,https://gz.lianjia.com/xiaoqu/2110343239123274/,,1,花都
卓粤卓雅名苑,14185,113.218215,23.430144,https://gz.lianjia.com/xiaoqu/2113329015517935/,,1,花都
芙蓉苑,14233,113.222468,23.412544,https://gz.lianjia.com/xiaoqu/2112058902409027/,,1,花都
灵溪美居,14434,113.233244,23.409129,https://gz.lianjia.com/xiaoqu/2111294743474189/,,1,花都
花都雅景苑,14497,113.223192,23.405261,https://gz.lianjia.com/xiaoqu/2111293422005933/,,1,花都
雅豪苑,14799,113.233186,23.408124,https://gz.lianjia.com/xiaoqu/2113198637411672/,,1,花都
鼎信四季花园,14961,113.216234,23.422564,https://gz.lianjia.com/xiaoqu/2111289292713935/,,1,花都
百合豪园B栋,15302,113.215507,23.411915,https://gz.lianjia.com/xiaoqu/2110343238336576/,,1,花都
百合豪园A栋,15302,113.215332,23.411952,https://gz.lianjia.com/xiaoqu/2110343238336577/,,1,花都
美力百富雅苑,15878,113.235454,23.393314,https://gz.lianjia.com/xiaoqu/2111294949780685/,,1,花都
豪景苑,15891,113.214856,23.410464,https://gz.lianjia.com/xiaoqu/2111290602385776/,,1,花都
美力盈彩花苑,16183,113.219064,23.415737,https://gz.lianjia.com/xiaoqu/2111151943675745/,,1,花都
豪利花园祥云阁,17037,113.257413,23.366411,https://gz.lianjia.com/xiaoqu/2110343238860839/,,1,花都
豪利花园兰苑阁,17037,113.257336,23.36649,https://gz.lianjia.com/xiaoqu/2110343238860841/,,1,花都
豪利花园菊苑阁,17037,113.257404,23.366946,https://gz.lianjia.com/xiaoqu/2110343238860842/,,1,花都
豪利花园皓云阁,17037,113.256887,23.36693,https://gz.lianjia.com/xiaoqu/2110343238860843/,,1,花都
豪利花园桂苑阁,17037,113.256995,23.366639,https://gz.lianjia.com/xiaoqu/2110343238860845/,,1,花都
豪利花园雅云阁,17037,113.257795,23.366577,https://gz.lianjia.com/xiaoqu/2110343239123126/,,1,花都
豪利花园碧云阁,17037,113.256838,23.366863,https://gz.lianjia.com/xiaoqu/2110343239123413/,,1,花都
豪利花园白云阁,17037,113.256806,23.36673,https://gz.lianjia.com/xiaoqu/2110343239123423/,,1,花都
云峰花园云景阁,17405,113.251506,23.384552,https://gz.lianjia.com/xiaoqu/2120022058235339/,,1,花都
嘉爵园,18341,113.218184,23.42445,https://gz.lianjia.com/xiaoqu/219997846851764/,,1,花都
中房观湖国际领御,18559,113.229336,23.376268,https://gz.lianjia.com/xiaoqu/2110343239123278/,,1,花都
中房观湖国际领盛,18559,113.230019,23.3766,https://gz.lianjia.com/xiaoqu/2110343239123280/,,1,花都
中房观湖国际领尚,18559,113.229359,23.377412,https://gz.lianjia.com/xiaoqu/2111290315862081/,,1,花都
马鞍山一号爵世,19331,113.240197,23.397986,https://gz.lianjia.com/xiaoqu/2110343239123296/,,1,花都
马鞍山一号峰尚,19331,113.240628,23.397405,https://gz.lianjia.com/xiaoqu/2110343239123364/,,1,花都
远洋芙蓉墅,19370,113.225896,23.501326,https://gz.lianjia.com/xiaoqu/219979174073093/,,1,花都
合和新城银松九街,19539,113.260871,23.379108,https://gz.lianjia.com/xiaoqu/2110343238337526/,,1,花都
合和新城银松四街,19539,113.263045,23.37808,https://gz.lianjia.com/xiaoqu/2110343238598660/,,1,花都
合和新城金枫五街,19539,113.2619,23.379531,https://gz.lianjia.com/xiaoqu/2110343238860942/,,1,花都
合和新城金枫三街,19539,113.261981,23.379631,https://gz.lianjia.com/xiaoqu/2110343238860943/,,1,花都
合和新城金枫七街,19539,113.261333,23.379245,https://gz.lianjia.com/xiaoqu/2110343238860944/,,1,花都
合和新城金枫八街,19539,113.261069,23.379029,https://gz.lianjia.com/xiaoqu/2110343238860947/,,1,花都
富力金港城,暂无,113.363175,23.463009,https://gz.lianjia.com/xiaoqu/2111103831619/,,1,花都
祈福辉煌台,暂无,113.199495,23.382902,https://gz.lianjia.com/xiaoqu/2111103831809/,,1,花都
万科天景花园,暂无,113.18867,23.37898,https://gz.lianjia.com/xiaoqu/2111103831607/,,1,花都
南华时代城,暂无,113.202558,23.373971,https://gz.lianjia.com/xiaoqu/2111103831480/,,1,花都
南航花园,暂无,113.238652,23.407554,https://gz.lianjia.com/xiaoqu/2111103831575/,,1,花都
宝铼雅居,暂无,113.17091,23.402339,https://gz.lianjia.com/xiaoqu/2111103831513/,,1,花都
朗悦君廷,暂无,113.256761,23.359374,https://gz.lianjia.com/xiaoqu/2111103831603/,,1,花都
湖畔花园,暂无,113.22767,23.37849,https://gz.lianjia.com/xiaoqu/2111103831576/,,1,花都
大运家园,暂无,113.242802,23.407471,https://gz.lianjia.com/xiaoqu/2111103831824/,,1,花都
城央御景,暂无,113.20095,23.384005,https://gz.lianjia.com/xiaoqu/2111103831486/,,1,花都
雅居乐雍华廷,暂无,113.242398,23.403939,https://gz.lianjia.com/xiaoqu/2111103831511/,,1,花都
祈福生活无限,暂无,113.242999,23.391742,https://gz.lianjia.com/xiaoqu/2111103831482/,,1,花都
翠华花园,暂无,113.203092,23.388023,https://gz.lianjia.com/xiaoqu/2111103831581/,,1,花都
深航御花园,暂无,113.23628,23.407753,https://gz.lianjia.com/xiaoqu/2111103831517/,,1,花都
保利花城花园,暂无,113.204426,23.422626,https://gz.lianjia.com/xiaoqu/2111103831514/,,1,花都
路劲隽悦豪庭,暂无,113.200873,23.423662,https://gz.lianjia.com/xiaoqu/2111103831516/,,1,花都
锦尚名苑,暂无,113.242842,23.409345,https://gz.lianjia.com/xiaoqu/2111103831578/,,1,花都
美林轩逸时光,暂无,113.256366,23.369061,https://gz.lianjia.com/xiaoqu/2111103831821/,,1,花都
好美嘉园,暂无,113.117057,23.338288,https://gz.lianjia.com/xiaoqu/2111103831501/,,1,花都
骏威锦东花园,暂无,113.234501,23.412396,https://gz.lianjia.com/xiaoqu/2111103831591/,,1,花都
合景天湖峰境,暂无,113.449726,23.453901,https://gz.lianjia.com/xiaoqu/2111103831604/,,1,花都
金碧御水山庄,暂无,113.211074,23.491814,https://gz.lianjia.com/xiaoqu/2111103831572/,,1,花都
凯旋国际,暂无,113.243377,23.413805,https://gz.lianjia.com/xiaoqu/2111103831589/,,1,花都
云珠花园,暂无,113.23655,23.40386,https://gz.lianjia.com/xiaoqu/2111103831580/,,1,花都
万虹花园,暂无,113.190664,23.473518,https://gz.lianjia.com/xiaoqu/2111103831484/,,1,花都
雅宝新城,暂无,113.195066,23.431032,https://gz.lianjia.com/xiaoqu/2111103831585/,,1,花都
保利城花园保利城八街,暂无,113.16955,23.381867,https://gz.lianjia.com/xiaoqu/2114461540250325/,,1,花都
雅居乐御宾府,暂无,113.231034,23.409942,https://gz.lianjia.com/xiaoqu/2111103831512/,,1,花都
天马河壹号,暂无,113.191904,23.382264,https://gz.lianjia.com/xiaoqu/2111103831510/,,1,花都
钻石豪庭,暂无,113.236127,23.409842,https://gz.lianjia.com/xiaoqu/2111103831587/,,1,花都
航都花园,暂无,113.230971,23.395415,https://gz.lianjia.com/xiaoqu/2111103831582/,,1,花都
新都城市花园,暂无,113.236963,23.409784,https://gz.lianjia.com/xiaoqu/2111103831590/,,1,花都
南航碧花园天鹅湖,暂无,113.200995,23.490505,https://gz.lianjia.com/xiaoqu/2120022009963172/,,1,花都
云港花园,暂无,113.234811,23.40374,https://gz.lianjia.com/xiaoqu/2111103831579/,,1,花都
星缘美居,暂无,113.237942,23.402679,https://gz.lianjia.com/xiaoqu/2111103831606/,,1,花都
俊怡御景花园,暂无,113.216751,23.424185,https://gz.lianjia.com/xiaoqu/2111103831483/,,1,花都
中房观湖国际雅景湾,暂无,113.229152,23.377147,https://gz.lianjia.com/xiaoqu/2111103831600/,,1,花都
花都颐和山庄泊林半岛,暂无,113.28451,23.518143,https://gz.lianjia.com/xiaoqu/2111290602386171/,,1,花都
凯旋门,暂无,113.232476,23.416665,https://gz.lianjia.com/xiaoqu/2111103831827/,,1,花都
广物星港国际,暂无,113.25216,23.392712,https://gz.lianjia.com/xiaoqu/2114235452583300/,,1,花都
广州市花都区技工学校宿舍,暂无,113.223868,23.38779,https://gz.lianjia.com/xiaoqu/2120021181325548/,,1,花都
时代康桥,暂无,113.15636,23.472754,https://gz.lianjia.com/xiaoqu/2120022545929291/,,1,花都
澳景蓝庭,暂无,113.205504,23.407537,https://gz.lianjia.com/xiaoqu/2111103831504/,,1,花都
紫薇丽都,暂无,113.238508,23.409519,https://gz.lianjia.com/xiaoqu/2111103831515/,,1,花都
馨庭花园,暂无,113.235036,23.40561,https://gz.lianjia.com/xiaoqu/2111103831594/,,1,花都
金河湾花园,暂无,113.232256,23.38952,https://gz.lianjia.com/xiaoqu/2111103831595/,,1,花都
德晖苑,暂无,113.214433,23.411985,https://gz.lianjia.com/xiaoqu/2111103831599/,,1,花都
花都颐和山庄B区,暂无,113.278563,23.519188,https://gz.lianjia.com/xiaoqu/2117977373919722/,,1,花都
绿城桃花源近水庭,暂无,113.220339,23.496201,https://gz.lianjia.com/xiaoqu/2120024126800768/,,1,花都
顺景楼,暂无,113.231447,23.38785,https://gz.lianjia.com/xiaoqu/2120025583808809/,,1,花都
宝华路五华直街,暂无,113.213598,23.39151,https://gz.lianjia.com/xiaoqu/2110497683633043/,,1,花都
30号小区,暂无,113.219396,23.381397,https://gz.lianjia.com/xiaoqu/2111288925711852/,,1,花都
城市规划局花都区分局,暂无,113.228582,23.393674,https://gz.lianjia.com/xiaoqu/2111289281704334/,,1,花都
30号小区,暂无,113.219396,23.381397,https://gz.lianjia.com/xiaoqu/2111288925711852/,,1,花都
城市规划局花都区分局,暂无,113.228582,23.393674,https://gz.lianjia.com/xiaoqu/2111289281704334/,,1,花都
侨苑小区南苑,暂无,113.215165,23.393118,https://gz.lianjia.com/xiaoqu/2111295183875583/,,1,花都
合景天湖峰境鸣湖西街,暂无,113.447508,23.451406,https://gz.lianjia.com/xiaoqu/2111384926516212/,,1,花都
雅居乐花样巴黎,暂无,113.2406,23.404621,https://gz.lianjia.com/xiaoqu/2111792228035820/,,1,花都
农新路,暂无,113.203346,23.383903,https://gz.lianjia.com/xiaoqu/2113198396240530/,,1,花都
雍华廷,暂无,113.240638,23.402614,https://gz.lianjia.com/xiaoqu/2113198726803475/,,1,花都
侨心南路,暂无,113.378737,23.425089,https://gz.lianjia.com/xiaoqu/2113448202432750/,,1,花都
荔园悦享花醍,暂无,113.171051,23.400841,https://gz.lianjia.com/xiaoqu/2113832513401519/,,1,花都
侨雅苑,暂无,113.38244,23.423714,https://gz.lianjia.com/xiaoqu/2116927809899217/,,1,花都
花都大道北,暂无,113.320206,23.432754,https://gz.lianjia.com/xiaoqu/2116952146013687/,,1,花都
金融街花溪小镇,暂无,113.420525,23.433881,https://gz.lianjia.com/xiaoqu/2117768200285855/,,1,花都
东方文德森岛湖,暂无,113.198474,23.435697,https://gz.lianjia.com/xiaoqu/2120020451447533/,,1,花都
建设北路达布大街,暂无,113.210484,23.39324,https://gz.lianjia.com/xiaoqu/2120020771307077/,,1,花都
鸿基楼,暂无,113.233953,23.387245,https://gz.lianjia.com/xiaoqu/2120021681626052/,,1,花都
天马河公馆,暂无,113.191044,23.375081,https://gz.lianjia.com/xiaoqu/2120023619042050/,,1,花都
东升苑,暂无,113.338134,23.442248,https://gz.lianjia.com/xiaoqu/2120024305156811/,,1,花都
阳光阁,暂无,113.205998,23.403765,https://gz.lianjia.com/xiaoqu/2111103831481/,,1,花都
天马河壹号信升御景豪庭,暂无,113.190836,23.379202,https://gz.lianjia.com/xiaoqu/2120024893641452/,,1,花都
建设北路盈华街,暂无,113.216535,23.417884,https://gz.lianjia.com/xiaoqu/2111290952871174/,,1,花都
合景天湖峰境鸣湖东街,暂无,113.450417,23.453136,https://gz.lianjia.com/xiaoqu/2120022288954066/,,1,花都
新都大道,暂无,113.18382,23.405298,https://gz.lianjia.com/xiaoqu/2120023239265645/,,1,花都
骏景苑,暂无,113.225048,23.40445,https://gz.lianjia.com/xiaoqu/2120023269674088/,,1,花都
聚新楼,暂无,113.216403,23.377423,https://gz.lianjia.com/xiaoqu/2120024118417508/,,1,花都
新湖大厦,暂无,113.221724,23.38192,https://gz.lianjia.com/xiaoqu/2120024853808969/,,1,花都
天马河壹号二期帝景湾,暂无,113.191696,23.380667,https://gz.lianjia.com/xiaoqu/2120025361506403/,,1,花都
37号小区,暂无,113.218727,23.376674,https://gz.lianjia.com/xiaoqu/219794343154675/,,1,花都
绿地8克拉,暂无,113.213517,23.413755,https://gz.lianjia.com/xiaoqu/219999216554229/,,1,花都
金马北优城,暂无,113.42262,23.469565,https://gz.lianjia.com/xiaoqu/2110002351795680/,,1,花都
花都祥兴楼,暂无,113.212646,23.394229,https://gz.lianjia.com/xiaoqu/2110113551708129/,,1,花都
中房观湖国际领峰,暂无,113.229669,23.376828,https://gz.lianjia.com/xiaoqu/2110343239123283/,,1,花都
商业大道新花街,暂无,113.224575,23.384196,https://gz.lianjia.com/xiaoqu/2110497388981433/,,1,花都
国光厂宿舍,暂无,113.255684,23.376459,https://gz.lianjia.com/xiaoqu/2110744638222017/,,1,花都
洪基楼,暂无,113.235467,23.38874,https://gz.lianjia.com/xiaoqu/2110744872579219/,,1,花都
中铁大桥局集团第三工程有限公司,暂无,113.214469,23.385133,https://gz.lianjia.com/xiaoqu/2110956045299465/,,1,花都
商业大道商南街,暂无,113.217851,23.38165,https://gz.lianjia.com/xiaoqu/2111153517064277/,,1,花都
保利城花园紫苑北街,暂无,113.169091,23.381584,https://gz.lianjia.com/xiaoqu/2111288781796328/,,1,花都
贵华楼,暂无,113.223088,23.38665,https://gz.lianjia.com/xiaoqu/2111290053193975/,,1,花都
秀全大道丽雅西街,暂无,113.215493,23.384785,https://gz.lianjia.com/xiaoqu/2111290952871181/,,1,花都
秀全大道秀全一街,暂无,113.212493,23.382869,https://gz.lianjia.com/xiaoqu/2111290988261662/,,1,花都
云山大道丽雅直街,暂无,113.216553,23.384905,https://gz.lianjia.com/xiaoqu/2111293733434310/,,1,花都
新华镇桂花楼,暂无,113.209879,23.398699,https://gz.lianjia.com/xiaoqu/2111294077890300/,,1,花都
商业大道竹凤街,暂无,113.216122,23.37973,https://gz.lianjia.com/xiaoqu/2111294611353329/,,1,花都
商业大道东,暂无,113.236226,23.389748,https://gz.lianjia.com/xiaoqu/2111294611353437/,,1,花都
商东小区,暂无,113.227104,23.385896,https://gz.lianjia.com/xiaoqu/2111295212188560/,,1,花都
花东商业街,暂无,113.328864,23.441374,https://gz.lianjia.com/xiaoqu/2111788729461805/,,1,花都
荔红公寓,暂无,113.192043,23.387076,https://gz.lianjia.com/xiaoqu/2112879670029806/,,1,花都
保利城花园保利城北街,暂无,113.168858,23.382914,https://gz.lianjia.com/xiaoqu/2112970771623434/,,1,花都
南北商贸城,暂无,113.198693,23.421145,https://gz.lianjia.com/xiaoqu/2113175949111692/,,1,花都
花都名雅苑,暂无,113.278204,23.446914,https://gz.lianjia.com/xiaoqu/2113306564719011/,,1,花都
宝峰春天,暂无,113.182475,23.467119,https://gz.lianjia.com/xiaoqu/2114282747294609/,,1,花都
保利城花园紫苑西街,暂无,113.168988,23.382166,https://gz.lianjia.com/xiaoqu/2114461292547914/,,1,花都
商业大道侨村东巷,暂无,113.224357,23.384955,https://gz.lianjia.com/xiaoqu/2114558388039316/,,1,花都
曙光大道,暂无,113.233101,23.393708,https://gz.lianjia.com/xiaoqu/2114569073577789/,,1,花都
中国美林湖爱琴海,暂无,113.041384,23.44882,https://gz.lianjia.com/xiaoqu/2114892487421161/,,1,花都
迎宾大道,暂无,113.236123,23.406936,https://gz.lianjia.com/xiaoqu/2115526118829737/,,1,花都
建设北路马房三街,暂无,113.210598,23.388512,https://gz.lianjia.com/xiaoqu/2115529688207300/,,1,花都
工业大道,暂无,113.181398,23.373465,https://gz.lianjia.com/xiaoqu/2115593144070029/,,1,花都
德志楼,暂无,113.212852,23.378485,https://gz.lianjia.com/xiaoqu/2116861358468802/,,1,花都
建设北路马房五街,暂无,113.215532,23.41548,https://gz.lianjia.com/xiaoqu/2116862239273302/,,1,花都
永大新城永兴楼,暂无,113.22171,23.4017,https://gz.lianjia.com/xiaoqu/2116953162893633/,,1,花都
花都凤凰御景,暂无,113.241742,23.411641,https://gz.lianjia.com/xiaoqu/2117949611035077/,,1,花都
保利翡翠山,暂无,113.216688,23.415385,https://gz.lianjia.com/xiaoqu/2120021559995604/,,1,花都
明东楼,暂无,113.277902,23.445693,https://gz.lianjia.com/xiaoqu/2120021804344190/,,1,花都
森悦华庭,暂无,113.222999,23.37696,https://gz.lianjia.com/xiaoqu/2120022766204363/,,1,花都
龙门苑,暂无,113.230044,23.416914,https://gz.lianjia.com/xiaoqu/2120022791397125/,,1,花都
花悦台,暂无,113.146356,23.471322,https://gz.lianjia.com/xiaoqu/2120023303289129/,,1,花都
南华苑,暂无,113.222029,23.392362,https://gz.lianjia.com/xiaoqu/2120023394526142/,,1,花都
建设北路马房二街,暂无,113.211893,23.388747,https://gz.lianjia.com/xiaoqu/2120023597019943/,,1,花都
建设北路马房四街,暂无,113.210986,23.389725,https://gz.lianjia.com/xiaoqu/2120023598067791/,,1,花都
建设北路马房一街,暂无,113.21191,23.387878,https://gz.lianjia.com/xiaoqu/2120023599113462/,,1,花都
57号小区,暂无,113.224136,23.391987,https://gz.lianjia.com/xiaoqu/2120023751232801/,,1,花都
明华楼,暂无,113.212716,23.392881,https://gz.lianjia.com/xiaoqu/2120023772225917/,,1,花都
广兴楼,暂无,113.212472,23.394536,https://gz.lianjia.com/xiaoqu/2120023776422775/,,1,花都
人民砖厂宿舍,暂无,113.212078,23.395524,https://gz.lianjia.com/xiaoqu/2120023778516857/,,1,花都
商业大道横潭街,暂无,113.225282,23.382279,https://gz.lianjia.com/xiaoqu/2120023821564471/,,1,花都
合和新城,暂无,113.262782,23.378913,https://gz.lianjia.com/xiaoqu/2120024502443365/,,1,花都
豪利花园彩云阁,暂无,113.256729,23.366474,https://gz.lianjia.com/xiaoqu/2120024504474002/,,1,花都
云峰花园彩云阁,暂无,113.253393,23.383628,https://gz.lianjia.com/xiaoqu/2120024506627618/,,1,花都
地产小区,暂无,113.226654,23.393129,https://gz.lianjia.com/xiaoqu/2120024522356597/,,1,花都
云峰花园云尚阁,暂无,113.251067,23.385278,https://gz.lianjia.com/xiaoqu/2120024523406953/,,1,花都
云峰花园云雅阁,暂无,113.251121,23.383951,https://gz.lianjia.com/xiaoqu/2120024524460444/,,1,花都
惠福楼,暂无,113.211859,23.392409,https://gz.lianjia.com/xiaoqu/2120024530747384/,,1,花都
工商局宿舍,暂无,113.223289,23.383846,https://gz.lianjia.com/xiaoqu/2120025175801001/,,1,花都
金凤小区,暂无,113.210739,23.394889,https://gz.lianjia.com/xiaoqu/2120025429670217/,,1,花都
怡福楼,暂无,113.213938,23.397103,https://gz.lianjia.com/xiaoqu/2120025441202091/,,1,花都
永安楼小区,暂无,113.211943,23.395825,https://gz.lianjia.com/xiaoqu/2120025445392603/,,1,花都
教育东路,暂无,113.158976,23.468034,https://gz.lianjia.com/xiaoqu/2120025446444098/,,1,花都
建设路聚贤街,暂无,113.21776,23.377975,https://gz.lianjia.com/xiaoqu/2120025712779603/,,1,花都
千色美湖花园,暂无,113.039309,23.503944,https://gz.lianjia.com/xiaoqu/2111103831523/,,1,花都
