翡翠绿洲森林半岛,20380,113.565886,23.142768,https://gz.lianjia.com/xiaoqu/2110343238599253/,,1,增城
碧桂园凤凰城凤馨苑,22775,113.606996,23.147009,https://gz.lianjia.com/xiaoqu/2110343239123008/,,1,增城
东方名都,23000,113.599703,23.130007,https://gz.lianjia.com/xiaoqu/219686972903772/,,1,增城
新都盛世名门宏城汇,22454,113.605394,23.131785,https://gz.lianjia.com/xiaoqu/2110343238861658/,,1,增城
碧桂园凤凰城凤妍苑,24960,113.585118,23.133922,https://gz.lianjia.com/xiaoqu/2110343239123006/,,1,增城
碧桂园凤凰城凤晴苑,21054,113.57893,23.132267,https://gz.lianjia.com/xiaoqu/2110343239123362/,,1,增城
新塘新世界花园万象苑,23903,113.579101,23.113124,https://gz.lianjia.com/xiaoqu/2110343238861228/,,1,增城
金泽豪庭,22591,113.59598,23.129459,https://gz.lianjia.com/xiaoqu/2111103831602/,,1,增城
翡翠绿洲育才阳光苑,21053,113.565132,23.138681,https://gz.lianjia.com/xiaoqu/2110343238861586/,,1,增城
碧桂园凤凰城凤锦苑,24407,113.588626,23.159484,https://gz.lianjia.com/xiaoqu/2110343239123014/,,1,增城
汇东国际花园,22080,113.590787,23.125953,https://gz.lianjia.com/xiaoqu/2111103831494/,,1,增城
碧桂园凤凰城凤仪苑,20288,113.579643,23.140134,https://gz.lianjia.com/xiaoqu/2110343239123004/,,1,增城
力诚凯怡湾,20000,113.613227,23.120776,https://gz.lianjia.com/xiaoqu/2110050009576172/,,1,增城
翡翠绿洲湖绣苑,22016,113.562724,23.141489,https://gz.lianjia.com/xiaoqu/2110343239123331/,,1,增城
翡翠绿洲湖滨苑,22717,113.56082,23.140858,https://gz.lianjia.com/xiaoqu/2110343238861236/,,1,增城
广州海伦堡,19200,113.559455,23.109982,https://gz.lianjia.com/xiaoqu/2111103317997/,,1,增城
翡翠绿洲湖翠苑,22280,113.559913,23.141319,https://gz.lianjia.com/xiaoqu/2110343238861235/,,1,增城
现代城市花园,20924,113.611305,23.13304,https://gz.lianjia.com/xiaoqu/219686818237740/,,1,增城
碧桂园凤凰城凤天苑,25143,113.590314,23.152997,https://gz.lianjia.com/xiaoqu/2110343238861566/,,1,增城
锦绣新天地,17684,113.628965,23.125537,https://gz.lianjia.com/xiaoqu/219687662865865/,,1,增城
锦绣天伦花园,20800,113.646428,23.131985,https://gz.lianjia.com/xiaoqu/2110113186803606/,,1,增城
合景誉山国际,18353,113.599226,23.19462,https://gz.lianjia.com/xiaoqu/2111770585428879/,,1,增城
金色港湾,14406,113.617894,23.120946,https://gz.lianjia.com/xiaoqu/2111772696210866/,,1,增城
新康花园康馨苑,15424,113.597381,23.119718,https://gz.lianjia.com/xiaoqu/2112971848772645/,,1,增城
惠百氏广场,23856,113.60039,23.128096,https://gz.lianjia.com/xiaoqu/2113310190955572/,,1,增城
碧桂园凤凰城凤盈苑,22308,113.570507,23.133153,https://gz.lianjia.com/xiaoqu/2110343238599520/,,1,增城
新塘新世界花园嘉怡苑,17697,113.579797,23.111433,https://gz.lianjia.com/xiaoqu/2110343239123308/,,1,增城
豪进山湖珺璟,22728,113.597547,23.122297,https://gz.lianjia.com/xiaoqu/219980689265218/,,1,增城
东凌广场,19363,113.601127,23.142793,https://gz.lianjia.com/xiaoqu/219686972904086/,,1,增城
假日花园,20495,113.601679,23.132516,https://gz.lianjia.com/xiaoqu/2114965638180557/,,1,增城
美业阁,12403,113.618483,23.135018,https://gz.lianjia.com/xiaoqu/2113355015745639/,,1,增城
城市家园,14548,113.621111,23.130741,https://gz.lianjia.com/xiaoqu/2112967200436619/,,1,增城
新塘新世界花园嘉华苑,18641,113.583354,23.110573,https://gz.lianjia.com/xiaoqu/2110343239123309/,,1,增城
恒大山水城,8481,113.62338,23.301051,https://gz.lianjia.com/xiaoqu/2111789560458271/,,1,增城
新塘广场,13824,113.619955,23.123148,https://gz.lianjia.com/xiaoqu/219981721324873/,,1,增城
新都盛世名门观云阁,22871,113.605237,23.131756,https://gz.lianjia.com/xiaoqu/2110343238861484/,,1,增城
碧桂园城市花园,14789,113.686098,23.278888,https://gz.lianjia.com/xiaoqu/2113349168624184/,,1,增城
群星花园,7559,113.612563,23.123974,https://gz.lianjia.com/xiaoqu/2111792647467193/,,1,增城
新塘新世界花园嘉乐苑,17695,113.579352,23.11071,https://gz.lianjia.com/xiaoqu/2111268203754074/,,1,增城
碧桂园凤凰城凤岭苑,21379,113.580882,23.14211,https://gz.lianjia.com/xiaoqu/2110343239123012/,,1,增城
新塘新世界花园,15649,113.583247,23.112355,https://gz.lianjia.com/xiaoqu/2110366582795717/,,1,增城
东景华庭,24000,113.600781,23.128071,https://gz.lianjia.com/xiaoqu/219981870485526/,,1,增城
新利大厦,10356,113.611287,23.122729,https://gz.lianjia.com/xiaoqu/2115869482904653/,,1,增城
富雅都市华庭,14589,113.630816,23.137925,https://gz.lianjia.com/xiaoqu/2110133510828807/,,1,增城
亚太新城亚太银座,20050,113.612387,23.13456,https://gz.lianjia.com/xiaoqu/2113354415436287/,,1,增城
新康花园康乐苑,15835,113.594493,23.124199,https://gz.lianjia.com/xiaoqu/2111131336535659/,,1,增城
顺欣花园,19816,113.625345,23.151217,https://gz.lianjia.com/xiaoqu/2111289562459264/,,1,增城
新都盛世名门世泽轩,22871,113.606454,23.131029,https://gz.lianjia.com/xiaoqu/2110343238861659/,,1,增城
尚东阳光雅苑,20498,113.579644,23.108591,https://gz.lianjia.com/xiaoqu/2113688809468506/,,1,增城
新都盛世名门盛景苑,22871,113.605358,23.131602,https://gz.lianjia.com/xiaoqu/2110343239123207/,,1,增城
合生湖山国际山咏轩,20556,113.569713,23.13692,https://gz.lianjia.com/xiaoqu/2110343238336684/,,1,增城
崇和花园,14725,113.60333,23.17434,https://gz.lianjia.com/xiaoqu/2111766432017691/,,1,增城
碧桂园凤凰城凤泉苑,22580,113.584107,23.136038,https://gz.lianjia.com/xiaoqu/2110343239123010/,,1,增城
太阳城巧克力,17143,113.603921,23.169866,https://gz.lianjia.com/xiaoqu/2110046873021441/,,1,增城
金地荔湖城公园上城,15652,113.609523,23.220197,https://gz.lianjia.com/xiaoqu/2111791932337915/,,1,增城
新都盛世名门乐盈门,20875,113.606548,23.13095,https://gz.lianjia.com/xiaoqu/2110343238861661/,,1,增城
新康花园康雅苑,15831,113.595321,23.12127,https://gz.lianjia.com/xiaoqu/2115915637288983/,,1,增城
新康花园新雅苑,16809,113.594327,23.122828,https://gz.lianjia.com/xiaoqu/2114912064883068/,,1,增城
金地荔湖城水立方,17718,113.608737,23.223082,https://gz.lianjia.com/xiaoqu/2112969381998241/,,1,增城
广州海伦堡中天花园,22932,113.560106,23.109737,https://gz.lianjia.com/xiaoqu/2110343238337165/,,1,增城
水电广场,16883,113.609302,23.126784,https://gz.lianjia.com/xiaoqu/2113308735532131/,,1,增城
亚太新城富丽园,14766,113.61594,23.13361,https://gz.lianjia.com/xiaoqu/2112970916326964/,,1,增城
群星新村,12300,113.608145,23.135318,https://gz.lianjia.com/xiaoqu/2114642038212628/,,1,增城
保利东江首府环府西路,19284,113.63802,23.115076,https://gz.lianjia.com/xiaoqu/2111136987836139/,,1,增城
碧桂园凤凰城凤雅苑,38330,113.595441,23.150827,https://gz.lianjia.com/xiaoqu/2110343239123007/,,1,增城
嘉骏豪苑,14938,113.637409,23.124864,https://gz.lianjia.com/xiaoqu/2110314782618023/,,1,增城
富城花园,17161,113.613869,23.124744,https://gz.lianjia.com/xiaoqu/219982005226625/,,1,增城
翡翠绿洲宝林苑,22857,113.563673,23.141957,https://gz.lianjia.com/xiaoqu/2111725332033427/,,1,增城
碧桂园凤凰城凤凰岛,26514,113.584076,23.136595,https://gz.lianjia.com/xiaoqu/2110343239123016/,,1,增城
新康花园康怡苑,15245,113.593791,23.12162,https://gz.lianjia.com/xiaoqu/2114550789272182/,,1,增城
富雅名居,12728,113.619574,23.137735,https://gz.lianjia.com/xiaoqu/2110343239123128/,,1,增城
太平洋花园,6367,113.584769,23.122745,https://gz.lianjia.com/xiaoqu/2110180260279273/,,1,增城
景新国际,13728,113.635128,23.286282,https://gz.lianjia.com/xiaoqu/2113308585848873/,,1,增城
碧桂园凤凰城凤鸣苑,26008,113.592539,23.134353,https://gz.lianjia.com/xiaoqu/2110343239123011/,,1,增城
保利东江首府环府中路,19284,113.638299,23.114777,https://gz.lianjia.com/xiaoqu/2115914903046396/,,1,增城
翡翠绿洲鸣翠园,21145,113.558736,23.144131,https://gz.lianjia.com/xiaoqu/2110343239123261/,,1,增城
碧桂园凤凰城凤翠苑,27998,113.590716,23.140658,https://gz.lianjia.com/xiaoqu/2110343238861399/,,1,增城
新康花园新康豪苑,11227,113.593931,23.12238,https://gz.lianjia.com/xiaoqu/2111247826776578/,,1,增城
现代城,20659,113.601686,23.132507,https://gz.lianjia.com/xiaoqu/2112244502195751/,,1,增城
翡翠绿洲桃源,29748,113.559023,23.143969,https://gz.lianjia.com/xiaoqu/2110366674023025/,,1,增城
合生湖山国际山语轩,16283,113.569709,23.137501,https://gz.lianjia.com/xiaoqu/2110343238336682/,,1,增城
顺欣广场,16545,113.6303,23.152324,https://gz.lianjia.com/xiaoqu/2111772354900785/,,1,增城
海伦春天丁香苑,16622,113.594452,23.180343,https://gz.lianjia.com/xiaoqu/2110343238861728/,,1,增城
中森茗苑,16434,113.632526,23.134261,https://gz.lianjia.com/xiaoqu/2113328090411583/,,1,增城
碧桂园凤凰城凤曦苑,24686,113.58304,23.133476,https://gz.lianjia.com/xiaoqu/2110343239123009/,,1,增城
金地公园上城,13721,113.603728,23.22732,https://gz.lianjia.com/xiaoqu/2113311030865928/,,1,增城
翡翠绿洲宝翠园,20500,113.562024,23.143093,https://gz.lianjia.com/xiaoqu/2111112850928543/,,1,增城
新都盛世名门名成居,22776,113.604603,23.131785,https://gz.lianjia.com/xiaoqu/2110343238861660/,,1,增城
合生湖山国际山倚轩,13119,113.568779,23.137335,https://gz.lianjia.com/xiaoqu/2110343238599219/,,1,增城
海伦春天蝴蝶谷,16622,113.594117,23.179145,https://gz.lianjia.com/xiaoqu/2112969129291496/,,1,增城
金地荔湖城上城中路,8693,113.60949,23.220324,https://gz.lianjia.com/xiaoqu/2111318275353695/,,1,增城
荔富湖畔,13529,113.755303,23.284241,https://gz.lianjia.com/xiaoqu/2113691167715794/,,1,增城
锦绣银苑,14372,113.610963,23.112109,https://gz.lianjia.com/xiaoqu/219161643142179/,,1,增城
翡翠绿洲龙翔台,33548,113.563515,23.144413,https://gz.lianjia.com/xiaoqu/2111453435491221/,,1,增城
碧桂园凤凰城凤扬苑,24271,113.589512,23.162656,https://gz.lianjia.com/xiaoqu/2110343239123005/,,1,增城
翡翠绿洲浅水湾,29886,113.564979,23.143059,https://gz.lianjia.com/xiaoqu/2110841725874512/,,1,增城
新康花园新乐苑,9535,113.593716,23.123108,https://gz.lianjia.com/xiaoqu/2112971675495544/,,1,增城
荔富广场,12268,113.662778,23.174683,https://gz.lianjia.com/xiaoqu/2110113551707338/,,1,增城
敏捷锦绣星辰,13100,113.848866,23.265211,https://gz.lianjia.com/xiaoqu/2113332878994641/,,1,增城
侨建御溪谷,17794,113.615176,23.290041,https://gz.lianjia.com/xiaoqu/2113327060708854/,,1,增城
金地荔湖城环山路,15407,113.611708,23.222022,https://gz.lianjia.com/xiaoqu/2120022285806058/,,1,增城
景江大厦,8933,113.622888,23.112649,https://gz.lianjia.com/xiaoqu/219687838503465/,,1,增城
海伦春天澜溪涧,16622,113.594543,23.180337,https://gz.lianjia.com/xiaoqu/2111770320661542/,,1,增城
锦绣御景国际,24689,113.815107,23.295265,https://gz.lianjia.com/xiaoqu/2114897534480119/,,1,增城
太平洋花园海德堡别墅,8688,113.586502,23.123485,https://gz.lianjia.com/xiaoqu/2116141950159296/,,1,增城
富好城,8969,113.669387,23.16394,https://gz.lianjia.com/xiaoqu/2113199546264887/,,1,增城
观园壹号,11895,113.80115,23.194394,https://gz.lianjia.com/xiaoqu/2113310852869150/,,1,增城
金泽华庭,14533,113.625233,23.121802,https://gz.lianjia.com/xiaoqu/2110156667843344/,,1,增城
绿湖国际城,14631,113.800993,23.200746,https://gz.lianjia.com/xiaoqu/2113328298553584/,,1,增城
亚太新城富群苑,14766,113.61548,23.134535,https://gz.lianjia.com/xiaoqu/2112242853311218/,,1,增城
逸翠庄园,15866,113.780137,23.289632,https://gz.lianjia.com/xiaoqu/2113329472958550/,,1,增城
碧桂园凤凰城凤林苑,20770,113.591661,23.153109,https://gz.lianjia.com/xiaoqu/2110343239123013/,,1,增城
合汇学府名郡,21716,113.5894,23.117091,https://gz.lianjia.com/xiaoqu/2111135781449319/,,1,增城
碧桂园凤凰城凤凰苑,45206,113.592458,23.142403,https://gz.lianjia.com/xiaoqu/2110343239123015/,,1,增城
海日中心,10413,113.6222,23.123362,https://gz.lianjia.com/xiaoqu/2112242146570354/,,1,增城
中信香樟墅,13524,113.627852,23.2808,https://gz.lianjia.com/xiaoqu/2113199116874324/,,1,增城
锦绣半山御景,14116,113.795423,23.263462,https://gz.lianjia.com/xiaoqu/2114963330790082/,,1,增城
荔城碧桂园叠湖园,18835,113.808873,23.293849,https://gz.lianjia.com/xiaoqu/2120021906058169/,,1,增城
保利东江首府环府北路,19284,113.638425,23.115948,https://gz.lianjia.com/xiaoqu/2114396968939194/,,1,增城
奥园康威广场,10741,113.63838,23.159699,https://gz.lianjia.com/xiaoqu/2110161677151802/,,1,增城
合汇·中央广场,14985,113.824863,23.288763,https://gz.lianjia.com/xiaoqu/2113331819409776/,,1,增城
金马香颂居,15624,113.794008,23.284471,https://gz.lianjia.com/xiaoqu/2113304663913401/,,1,增城
中国铁建国际花园,15702,113.686017,23.280938,https://gz.lianjia.com/xiaoqu/2113328145985528/,,1,增城
碧桂园豪进左岸,16145,113.809323,23.189115,https://gz.lianjia.com/xiaoqu/2120021886136077/,,1,增城
金地荔湖城三叠院,17718,113.610981,23.220506,https://gz.lianjia.com/xiaoqu/2111161817592718/,,1,增城
碧桂园凤凰城凤翔苑,33524,113.58856,23.150877,https://gz.lianjia.com/xiaoqu/2111138091986903/,,1,增城
碧桂园凤凰城凤湖苑,39047,113.592853,23.142769,https://gz.lianjia.com/xiaoqu/2110685162467240/,,1,增城
电信局宿舍,10672,113.614618,23.125887,https://gz.lianjia.com/xiaoqu/2120024486643094/,,1,增城
金地荔湖城15度洋房,17718,113.610654,23.219732,https://gz.lianjia.com/xiaoqu/2111792082546011/,,1,增城
东江花园,8041,113.661931,23.12535,https://gz.lianjia.com/xiaoqu/2120020976821965/,,1,增城
海宇大厦,8568,113.621084,23.126051,https://gz.lianjia.com/xiaoqu/2112697471038211/,,1,增城
怡康华府,9418,113.772224,23.287097,https://gz.lianjia.com/xiaoqu/2113691167715578/,,1,增城
广荔大厦,9450,113.619066,23.122824,https://gz.lianjia.com/xiaoqu/2111789263187006/,,1,增城
金康花园,9575,113.598734,23.177573,https://gz.lianjia.com/xiaoqu/2120022716900785/,,1,增城
敏捷锦绣星河,10486,113.895692,23.407684,https://gz.lianjia.com/xiaoqu/2113350296366998/,,1,增城
碧桂园·中新首府,10840,113.640986,23.358329,https://gz.lianjia.com/xiaoqu/2113328145984993/,,1,增城
敏捷星悦国际,11057,113.606899,23.15815,https://gz.lianjia.com/xiaoqu/2113848834246793/,,1,增城
合盛盈翠雅筑,11601,113.832342,23.390158,https://gz.lianjia.com/xiaoqu/2113327850024362/,,1,增城
增城方圆云山诗意,13218,113.809572,23.301948,https://gz.lianjia.com/xiaoqu/2113328145984927/,,1,增城
汇美体育花园,14317,113.624528,23.138768,https://gz.lianjia.com/xiaoqu/2111154344914487/,,1,增城
亚太新城富华苑,14766,113.616884,23.133534,https://gz.lianjia.com/xiaoqu/2113198396239912/,,1,增城
金凤皇庭,15026,113.839101,23.274746,https://gz.lianjia.com/xiaoqu/2113308897276336/,,1,增城
迪亚春天花园,16298,113.832917,23.388201,https://gz.lianjia.com/xiaoqu/2113333184394017/,,1,增城
海伦春天花墅,16622,113.593569,23.180168,https://gz.lianjia.com/xiaoqu/2116051886633155/,,1,增城
海伦春天,16622,113.595168,23.1807,https://gz.lianjia.com/xiaoqu/2114867102445874/,,1,增城
碧桂园豪园林湖苑,16743,113.829359,23.226105,https://gz.lianjia.com/xiaoqu/2120021531661082/,,1,增城
荔城花园,16971,113.794261,23.292651,https://gz.lianjia.com/xiaoqu/2111773091524201/,,1,增城
合景誉山国际山语一街,18426,113.599368,23.195376,https://gz.lianjia.com/xiaoqu/2114867678922813/,,1,增城
合生湖山国际峰景路,18749,113.571451,23.137618,https://gz.lianjia.com/xiaoqu/2113333528849987/,,1,增城
合生湖山国际誉岭街,18749,113.570302,23.137373,https://gz.lianjia.com/xiaoqu/2110343238337473/,,1,增城
荔城碧桂园翠林鸟语,18835,113.810351,23.292075,https://gz.lianjia.com/xiaoqu/2114964384869408/,,1,增城
合景花漫里,20887,113.600112,23.197505,https://gz.lianjia.com/xiaoqu/2110002146798922/,,1,增城
紫云山庄,22629,113.572519,23.138972,https://gz.lianjia.com/xiaoqu/2111769228307552/,,1,增城
丰泰城市公馆,16534,113.627135,23.13073,https://gz.lianjia.com/xiaoqu/2112969537711307/,,1,增城
合景誉山国际云水一街,18426,113.601141,23.195443,https://gz.lianjia.com/xiaoqu/2120023594919492/,,1,增城
合景誉山国际香堤一街,18426,113.599129,23.195825,https://gz.lianjia.com/xiaoqu/2120023776421999/,,1,增城
群星商住大厦,5678,113.620099,23.113356,https://gz.lianjia.com/xiaoqu/2120021678484663/,,1,增城
顶好公寓,6601,113.611132,23.12736,https://gz.lianjia.com/xiaoqu/2112969509662969/,,1,增城
华馨苑,6934,113.602821,23.121891,https://gz.lianjia.com/xiaoqu/2120023923273881/,,1,增城
名望苑,7059,113.621945,23.123352,https://gz.lianjia.com/xiaoqu/2110100488025028/,,1,增城
增江街,7074,113.850306,23.291993,https://gz.lianjia.com/xiaoqu/2114488957389695/,,1,增城
怡丰路,7222,113.838418,23.301278,https://gz.lianjia.com/xiaoqu/2114966095122084/,,1,增城
新塘西路,7348,113.602368,23.122621,https://gz.lianjia.com/xiaoqu/2120024499229153/,,1,增城
新庄花园,7491,113.612497,23.12954,https://gz.lianjia.com/xiaoqu/2120023425984650/,,1,增城
学府雅苑,7520,113.872101,23.243088,https://gz.lianjia.com/xiaoqu/2111792647467552/,,1,增城
菜园路,7680,113.832761,23.299519,https://gz.lianjia.com/xiaoqu/2114600398999184/,,1,增城
莲花路,7776,113.8386,23.291882,https://gz.lianjia.com/xiaoqu/2114964876152651/,,1,增城
广东省源天工程公司宿舍,8616,113.624905,23.127955,https://gz.lianjia.com/xiaoqu/2116050678697739/,,1,增城
顶好华宅,9008,113.644515,23.127495,https://gz.lianjia.com/xiaoqu/2114597812685945/,,1,增城
倾城国际,9014,113.806902,23.204348,https://gz.lianjia.com/xiaoqu/2113331819409514/,,1,增城
摩托车市场,9985,113.613775,23.124042,https://gz.lianjia.com/xiaoqu/2120023502644532/,,1,增城
滨海花园,10283,113.834143,23.284866,https://gz.lianjia.com/xiaoqu/2114602336241766/,,1,增城
测试楼盘9,10625,113.569772,23.137335,https://gz.lianjia.com/xiaoqu/2110343239123365/,,1,增城
群贤路,10637,113.615022,23.126907,https://gz.lianjia.com/xiaoqu/2114962595475323/,,1,增城
水电二局宿舍竹韵阁,10672,113.60729,23.127038,https://gz.lianjia.com/xiaoqu/2112966773927721/,,1,增城
水电二局宿舍E区,10672,113.607487,23.124412,https://gz.lianjia.com/xiaoqu/2114552268549525/,,1,增城
水电二局宿舍竹子园,10672,113.607299,23.126423,https://gz.lianjia.com/xiaoqu/2120023594922431/,,1,增城
水电二局宿舍B区,10672,113.609368,23.124771,https://gz.lianjia.com/xiaoqu/2120023621132423/,,1,增城
水电二局宿舍C区,10672,113.609292,23.123288,https://gz.lianjia.com/xiaoqu/2120023621132527/,,1,增城
荔建花园,11040,113.8278,23.298885,https://gz.lianjia.com/xiaoqu/2112971659244501/,,1,增城
金龙居,12029,113.803608,23.298935,https://gz.lianjia.com/xiaoqu/2113831170961541/,,1,增城
美景阁,12403,113.622381,23.136571,https://gz.lianjia.com/xiaoqu/2113199546264916/,,1,增城
景新豪苑,12413,113.623899,23.136587,https://gz.lianjia.com/xiaoqu/2113327578706582/,,1,增城
金泽花园金玉阁,13006,113.623215,23.123191,https://gz.lianjia.com/xiaoqu/2112971214647758/,,1,增城
汇美农村信用社宿舍,14698,113.620639,23.134182,https://gz.lianjia.com/xiaoqu/2120023566614195/,,1,增城
敏捷莱茵花园,14824,113.848823,23.286904,https://gz.lianjia.com/xiaoqu/2120022760966007/,,1,增城
汇美怡苑,15251,113.622075,23.135478,https://gz.lianjia.com/xiaoqu/2120023569755089/,,1,增城
石滩第一城,15456,113.799139,23.177563,https://gz.lianjia.com/xiaoqu/2120021553698409/,,1,增城
欧亚山庄,15803,113.799095,23.310149,https://gz.lianjia.com/xiaoqu/2113333528849600/,,1,增城
海伦春天亲爱的山,16622,113.593793,23.178532,https://gz.lianjia.com/xiaoqu/2114850261813673/,,1,增城
金地荔湖城,17718,113.608813,23.218954,https://gz.lianjia.com/xiaoqu/2114943166672380/,,1,增城
合景誉山国际浅山北路,18426,113.59986,23.194649,https://gz.lianjia.com/xiaoqu/2111137911893179/,,1,增城
合景誉山国际浅山南路,18426,113.606915,23.194288,https://gz.lianjia.com/xiaoqu/2111770727509883/,,1,增城
合景誉山国际心悦二街,18426,113.600225,23.19491,https://gz.lianjia.com/xiaoqu/2112971884949589/,,1,增城
合景誉山国际心悦五街,18426,113.60549,23.194422,https://gz.lianjia.com/xiaoqu/2113351927426637/,,1,增城
合景誉山国际心悦四街,18426,113.60013,23.19655,https://gz.lianjia.com/xiaoqu/2114964014723886/,,1,增城
合景誉山国际心怡四街,18426,113.598953,23.195172,https://gz.lianjia.com/xiaoqu/2114964210545547/,,1,增城
荔城碧桂园岸芷汀兰,18835,113.810405,23.288732,https://gz.lianjia.com/xiaoqu/2111772972773557/,,1,增城
荔城碧桂园荔园,18835,113.809396,23.291732,https://gz.lianjia.com/xiaoqu/2114964433914782/,,1,增城
增城雅居乐御宾府,19236,113.810238,23.302272,https://gz.lianjia.com/xiaoqu/2114458738741186/,,1,增城
百晟广场,19776,113.620917,23.125036,https://gz.lianjia.com/xiaoqu/2120022939295486/,,1,增城
碧桂园豪园湖心苑,20761,113.831138,23.226402,https://gz.lianjia.com/xiaoqu/2111379673150434/,,1,增城
紫云山庄紫云大道东,22629,113.572372,23.138847,https://gz.lianjia.com/xiaoqu/2111159949291648/,,1,增城
紫云山庄红桦径,22629,113.572505,23.139283,https://gz.lianjia.com/xiaoqu/2111748585254179/,,1,增城
紫云山庄丹枫路,22629,113.572312,23.139126,https://gz.lianjia.com/xiaoqu/2112242146570412/,,1,增城
紫云山庄紫云大道北,22629,113.572052,23.13915,https://gz.lianjia.com/xiaoqu/2112242341866956/,,1,增城
紫云山庄百合花路,22629,113.572223,23.138846,https://gz.lianjia.com/xiaoqu/2116973141936752/,,1,增城
紫云山庄银棕榈路,22629,113.572356,23.138963,https://gz.lianjia.com/xiaoqu/2120022738941351/,,1,增城
碧桂园豪进广场,暂无,113.598477,23.126779,https://gz.lianjia.com/xiaoqu/2113309739020877/,,1,增城
新康花园新怡苑,暂无,113.594794,23.121723,https://gz.lianjia.com/xiaoqu/2120020747186351/,,1,增城
金地香山湖,暂无,113.613083,23.239851,https://gz.lianjia.com/xiaoqu/2113327668621012/,,1,增城
新景豪庭,暂无,113.591156,23.127997,https://gz.lianjia.com/xiaoqu/2113333428186971/,,1,增城
解放北路,暂无,113.620862,23.123198,https://gz.lianjia.com/xiaoqu/2120021480282166/,,1,增城
翡翠绿洲凡尔赛庄园,暂无,113.559625,23.142818,https://gz.lianjia.com/xiaoqu/2110684929420565/,,1,增城
保利i立方,暂无,113.626123,23.198268,https://gz.lianjia.com/xiaoqu/2120021330281266/,,1,增城
翡翠绿洲盈波轩,暂无,113.558287,23.143616,https://gz.lianjia.com/xiaoqu/2114849890355687/,,1,增城
金泽花园金堂阁,暂无,113.623558,23.123003,https://gz.lianjia.com/xiaoqu/2114943423072556/,,1,增城
合景誉山国际ihouse,暂无,113.600157,23.195052,https://gz.lianjia.com/xiaoqu/2113305859550531/,,1,增城
时尚广场,暂无,113.611089,23.134826,https://gz.lianjia.com/xiaoqu/2113309157846936/,,1,增城
同创滨江,暂无,113.836667,23.264372,https://gz.lianjia.com/xiaoqu/2113310614580741/,,1,增城
新康花园康慧苑,暂无,113.594487,23.122002,https://gz.lianjia.com/xiaoqu/2120023923275195/,,1,增城
增城时代廊桥,暂无,113.625372,23.198402,https://gz.lianjia.com/xiaoqu/2110161781748032/,,1,增城
碧桂园凤凰城凤凰名苑,暂无,113.590385,23.165644,https://gz.lianjia.com/xiaoqu/2120021179239295/,,1,增城
恒大山水城悦湖南街,暂无,113.622448,23.30009,https://gz.lianjia.com/xiaoqu/2112241666847403/,,1,增城
欧亚公馆,暂无,113.823256,23.275999,https://gz.lianjia.com/xiaoqu/2113333506568773/,,1,增城
创基丽江国际,暂无,113.827792,23.279373,https://gz.lianjia.com/xiaoqu/2113809963512732/,,1,增城
大东汇,暂无,113.65074,23.134693,https://gz.lianjia.com/xiaoqu/2114442110923620/,,1,增城
金时花园,暂无,113.863592,23.280655,https://gz.lianjia.com/xiaoqu/2117767790816898/,,1,增城
源海仙村一号,暂无,113.723697,23.192794,https://gz.lianjia.com/xiaoqu/2120020472415791/,,1,增城
碧桂园琥珀湾,暂无,113.836752,23.136202,https://gz.lianjia.com/xiaoqu/2120020578351189/,,1,增城
恒大山水郡,暂无,113.633538,23.346273,https://gz.lianjia.com/xiaoqu/2120021075430741/,,1,增城
保利壹号公馆,暂无,113.823469,23.2655,https://gz.lianjia.com/xiaoqu/2120021476087910/,,1,增城
时代天启,暂无,113.859556,23.286369,https://gz.lianjia.com/xiaoqu/2120022537467979/,,1,增城
新康花园,暂无,113.594387,23.121719,https://gz.lianjia.com/xiaoqu/2120024495033221/,,1,增城
地税宿舍楼,暂无,113.620646,23.136579,https://gz.lianjia.com/xiaoqu/2120025359416374/,,1,增城
恒福花园,暂无,113.620659,23.286374,https://gz.lianjia.com/xiaoqu/2120025681327461/,,1,增城
卫山北三路,暂无,113.618055,23.126858,https://gz.lianjia.com/xiaoqu/2111380550021775/,,1,增城
誉景嘉骏商业广场,暂无,113.637194,23.124058,https://gz.lianjia.com/xiaoqu/2113306909962197/,,1,增城
碧桂园豪园,暂无,113.828174,23.227066,https://gz.lianjia.com/xiaoqu/2113308897276000/,,1,增城
仁安花园,暂无,113.704064,23.276406,https://gz.lianjia.com/xiaoqu/2113327850024102/,,1,增城
翡翠新天地,暂无,113.568123,23.141938,https://gz.lianjia.com/xiaoqu/2113328474713978/,,1,增城
荔城尚东,暂无,113.799869,23.285336,https://gz.lianjia.com/xiaoqu/2113329472959108/,,1,增城
公园里（春晓花园）,暂无,113.840413,23.270298,https://gz.lianjia.com/xiaoqu/2113331705114272/,,1,增城
嘉汇四季阳光,暂无,113.818418,23.30181,https://gz.lianjia.com/xiaoqu/2113333689020759/,,1,增城
恒展江山时代花园,暂无,113.685446,23.282135,https://gz.lianjia.com/xiaoqu/2113349626850729/,,1,增城
碧桂园东湖1号,暂无,113.853346,23.290038,https://gz.lianjia.com/xiaoqu/2113781048767100/,,1,增城
新星楼,暂无,113.613552,23.12444,https://gz.lianjia.com/xiaoqu/2114550431706536/,,1,增城
菜园中路,暂无,113.833512,23.302992,https://gz.lianjia.com/xiaoqu/2114600300432566/,,1,增城
紫云山庄玫瑰园,暂无,113.572766,23.138431,https://gz.lianjia.com/xiaoqu/2114965879352703/,,1,增城
中贸国际,暂无,113.639974,23.130178,https://gz.lianjia.com/xiaoqu/2116226474299181/,,1,增城
翡翠绿洲铂金凡尔赛,暂无,113.559949,23.143666,https://gz.lianjia.com/xiaoqu/2120020653864106/,,1,增城
卫山北二路,暂无,113.617951,23.126429,https://gz.lianjia.com/xiaoqu/2120021287232650/,,1,增城
实地蔷薇国际,暂无,113.775115,23.288519,https://gz.lianjia.com/xiaoqu/2120021532706030/,,1,增城
康宁居,暂无,113.62279,23.134295,https://gz.lianjia.com/xiaoqu/2120022511248898/,,1,增城
恒大山水城琴湾,暂无,113.623925,23.299874,https://gz.lianjia.com/xiaoqu/2120022560611761/,,1,增城
翡翠绿洲长岛,暂无,113.561688,23.143494,https://gz.lianjia.com/xiaoqu/2120022691716058/,,1,增城
汇港威华国际,暂无,113.746488,23.282024,https://gz.lianjia.com/xiaoqu/2120022747329433/,,1,增城
佳大花漾时光,暂无,113.629617,23.16183,https://gz.lianjia.com/xiaoqu/2120022949780204/,,1,增城
三江盛汇,暂无,113.828206,23.139931,https://gz.lianjia.com/xiaoqu/2120022969706590/,,1,增城
翡翠绿洲金色凡尔赛,暂无,113.567872,23.136473,https://gz.lianjia.com/xiaoqu/2120023269678642/,,1,增城
新墅路,暂无,113.611595,23.124995,https://gz.lianjia.com/xiaoqu/2120023504746750/,,1,增城
东坑五横路,暂无,113.616987,23.129177,https://gz.lianjia.com/xiaoqu/2120023505790919/,,1,增城
东坑四横路,暂无,113.616977,23.12977,https://gz.lianjia.com/xiaoqu/2120023505790943/,,1,增城
东坑一横路,暂无,113.61583,23.132106,https://gz.lianjia.com/xiaoqu/2120023505793424/,,1,增城
碧桂园凤凰城半山一号院,暂无,113.590321,23.152991,https://gz.lianjia.com/xiaoqu/2120023578141265/,,1,增城
港口大道,暂无,113.610756,23.123933,https://gz.lianjia.com/xiaoqu/2120023595968544/,,1,增城
富源路,暂无,113.618784,23.128895,https://gz.lianjia.com/xiaoqu/2120023753310746/,,1,增城
富丽路,暂无,113.618783,23.128874,https://gz.lianjia.com/xiaoqu/2120023754376047/,,1,增城
翡翠绿洲克拉邻里,暂无,113.564352,23.142603,https://gz.lianjia.com/xiaoqu/2120024331408335/,,1,增城
融创御园,暂无,113.707158,23.277767,https://gz.lianjia.com/xiaoqu/2120025735848087/,,1,增城
